image_id,file_name,block,algorithm,resolution,pck,kp_vis,kp_det,tiempo_ms
565853,000000565853.jpg,indoor,blazepose,high,100.0,12,17,111.4
231508,000000231508.jpg,outdoor,movenet,medium,80.0,15,14,146.8
345397,000000345397.jpg,indoor,movenet,medium,100.0,5,9,18.4
440475,000000440475.jpg,indoor,blazepose,low,0.0,12,0,9.8
326970,000000326970.jpg,indoor,blazepose,high,100.0,15,17,70.7
243867,000000243867.jpg,outdoor,blazepose,medium,0.0,4,0,15.1
341973,000000341973.jpg,outdoor,blazepose,low,83.33,6,17,92.4
65350,000000065350.jpg,outdoor,movenet,low,20.0,15,7,19.0
532690,000000532690.jpg,indoor,movenet,medium,100.0,12,13,18.0
243989,000000243989.jpg,outdoor,blazepose,low,100.0,12,17,70.6
314177,000000314177.jpg,indoor,blazepose,low,100.0,15,17,70.3
356248,000000356248.jpg,indoor,blazepose,high,0.0,9,0,9.4
334399,000000334399.jpg,indoor,blazepose,low,18.75,16,17,70.3
214720,000000214720.jpg,indoor,movenet,low,81.82,11,11,18.7
554595,000000554595.jpg,outdoor,blazepose,high,100.0,13,17,70.2
364557,000000364557.jpg,outdoor,movenet,medium,25.0,12,16,18.6
481390,000000481390.jpg,outdoor,movenet,medium,0.0,17,17,17.8
450303,000000450303.jpg,indoor,blazepose,medium,12.5,8,17,70.3
177213,000000177213.jpg,indoor,movenet,high,50.0,2,1,19.8
121242,000000121242.jpg,outdoor,movenet,high,100.0,15,17,20.0
572620,000000572620.jpg,outdoor,movenet,high,0.0,16,15,18.2
119365,000000119365.jpg,indoor,blazepose,high,0.0,5,0,9.5
566282,000000566282.jpg,outdoor,blazepose,low,0.0,15,0,70.6
343218,000000343218.jpg,outdoor,movenet,low,86.67,15,13,18.6
481567,000000481567.jpg,outdoor,blazepose,high,100.0,10,17,70.3
361238,000000361238.jpg,indoor,movenet,high,100.0,8,13,18.6
29397,000000029397.jpg,outdoor,movenet,high,0.0,2,0,18.2
91500,000000091500.jpg,indoor,blazepose,high,100.0,15,17,70.6
243989,000000243989.jpg,outdoor,blazepose,medium,100.0,12,17,70.6
82812,000000082812.jpg,outdoor,movenet,high,7.14,14,10,18.4
118921,000000118921.jpg,outdoor,blazepose,medium,100.0,17,17,70.8
282298,000000282298.jpg,indoor,blazepose,medium,0.0,15,0,9.6
6460,000000006460.jpg,outdoor,blazepose,low,0.0,14,0,9.2
474095,000000474095.jpg,indoor,blazepose,medium,100.0,16,17,70.1
366884,000000366884.jpg,indoor,movenet,high,90.91,11,16,18.0
364557,000000364557.jpg,outdoor,blazepose,high,0.0,12,0,70.2
250901,000000250901.jpg,indoor,movenet,high,25.0,4,3,18.6
376625,000000376625.jpg,outdoor,blazepose,medium,0.0,14,0,9.3
568814,000000568814.jpg,indoor,blazepose,medium,100.0,7,17,70.5
355257,000000355257.jpg,indoor,movenet,low,0.0,10,0,18.9
84270,000000084270.jpg,indoor,movenet,low,0.0,13,17,18.2
331604,000000331604.jpg,outdoor,blazepose,medium,100.0,13,17,70.4
343218,000000343218.jpg,outdoor,blazepose,low,100.0,15,17,70.4
497344,000000497344.jpg,indoor,blazepose,low,100.0,7,17,70.6
150417,000000150417.jpg,indoor,blazepose,high,100.0,11,17,70.7
16228,000000016228.jpg,outdoor,movenet,low,0.0,12,0,18.7
425702,000000425702.jpg,outdoor,blazepose,medium,0.0,11,0,9.3
327605,000000327605.jpg,outdoor,blazepose,high,100.0,16,17,70.3
358923,000000358923.jpg,indoor,movenet,medium,90.0,10,9,18.3
164885,000000164885.jpg,outdoor,movenet,medium,100.0,16,17,17.4
473869,000000473869.jpg,indoor,blazepose,low,100.0,12,17,70.4
315492,000000315492.jpg,indoor,blazepose,low,0.0,4,0,9.6
481390,000000481390.jpg,outdoor,blazepose,low,0.0,17,17,70.4
484351,000000484351.jpg,indoor,blazepose,medium,0.0,15,17,70.4
356248,000000356248.jpg,indoor,movenet,high,0.0,9,12,18.6
118921,000000118921.jpg,outdoor,movenet,high,100.0,17,17,18.6
212453,000000212453.jpg,indoor,blazepose,low,0.0,14,0,9.5
327605,000000327605.jpg,outdoor,movenet,low,100.0,16,17,18.3
414385,000000414385.jpg,outdoor,movenet,medium,100.0,16,17,18.2
358923,000000358923.jpg,indoor,blazepose,low,100.0,10,17,70.4
552775,000000552775.jpg,indoor,blazepose,high,100.0,3,17,70.4
320642,000000320642.jpg,indoor,movenet,high,92.31,13,14,18.4
378673,000000378673.jpg,outdoor,blazepose,high,0.0,12,0,9.4
445834,000000445834.jpg,outdoor,blazepose,low,100.0,14,17,70.5
119365,000000119365.jpg,indoor,movenet,low,0.0,5,2,18.2
520707,000000520707.jpg,indoor,movenet,medium,76.92,13,11,18.1
254516,000000254516.jpg,outdoor,movenet,medium,7.69,13,13,17.9
170613,000000170613.jpg,outdoor,blazepose,high,54.55,11,17,70.4
404805,000000404805.jpg,outdoor,movenet,low,100.0,9,13,18.0
66231,000000066231.jpg,indoor,blazepose,low,0.0,14,0,9.2
345397,000000345397.jpg,indoor,blazepose,low,100.0,5,17,70.7
320642,000000320642.jpg,indoor,blazepose,low,76.92,13,17,70.9
559543,000000559543.jpg,indoor,blazepose,low,100.0,11,17,70.4
156643,000000156643.jpg,indoor,blazepose,high,100.0,11,17,70.4
376625,000000376625.jpg,outdoor,movenet,medium,0.0,14,17,18.1
581317,000000581317.jpg,indoor,movenet,low,100.0,11,12,17.8
173302,000000173302.jpg,indoor,movenet,medium,71.43,7,13,18.4
314177,000000314177.jpg,indoor,blazepose,medium,100.0,15,17,70.4
30504,000000030504.jpg,outdoor,blazepose,high,100.0,12,17,70.4
427034,000000427034.jpg,indoor,blazepose,high,0.0,1,0,9.5
255483,000000255483.jpg,indoor,blazepose,low,0.0,3,0,9.2
229111,000000229111.jpg,indoor,blazepose,low,100.0,8,17,70.4
296649,000000296649.jpg,outdoor,blazepose,high,0.0,13,17,70.3
179112,000000179112.jpg,indoor,blazepose,high,100.0,8,17,70.5
7088,000000007088.jpg,outdoor,movenet,high,100.0,17,17,18.7
540414,000000540414.jpg,outdoor,blazepose,high,0.0,16,0,9.4
520707,000000520707.jpg,indoor,movenet,high,76.92,13,11,18.4
144003,000000144003.jpg,indoor,movenet,low,91.67,12,12,17.2
58393,000000058393.jpg,outdoor,movenet,medium,100.0,2,4,18.0
341973,000000341973.jpg,outdoor,blazepose,high,83.33,6,17,70.5
376625,000000376625.jpg,outdoor,blazepose,high,0.0,14,0,9.5
184978,000000184978.jpg,outdoor,movenet,low,100.0,16,17,18.3
497599,000000497599.jpg,indoor,movenet,high,100.0,9,12,18.1
455597,000000455597.jpg,indoor,blazepose,high,0.0,5,0,9.5
284764,000000284764.jpg,indoor,blazepose,high,100.0,8,17,70.4
411754,000000411754.jpg,indoor,movenet,low,50.0,12,16,18.1
361238,000000361238.jpg,indoor,movenet,medium,100.0,8,13,18.1
476258,000000476258.jpg,outdoor,movenet,medium,100.0,16,17,17.8
474854,000000474854.jpg,indoor,blazepose,medium,100.0,10,17,70.4
568584,000000568584.jpg,indoor,blazepose,low,0.0,12,0,9.4
51314,000000051314.jpg,outdoor,movenet,low,100.0,14,15,17.9
507473,000000507473.jpg,indoor,blazepose,medium,100.0,11,17,70.4
151000,000000151000.jpg,indoor,movenet,low,13.33,15,14,18.6
39785,000000039785.jpg,outdoor,movenet,low,100.0,16,17,17.8
97988,000000097988.jpg,outdoor,blazepose,high,100.0,16,17,70.4
39785,000000039785.jpg,outdoor,blazepose,low,87.5,16,17,70.1
186042,000000186042.jpg,outdoor,blazepose,medium,100.0,14,17,70.1
231508,000000231508.jpg,outdoor,blazepose,medium,100.0,15,17,70.4
396200,000000396200.jpg,outdoor,blazepose,medium,0.0,16,17,70.1
13729,000000013729.jpg,indoor,movenet,high,100.0,16,16,18.6
35062,000000035062.jpg,indoor,movenet,medium,0.0,3,0,17.7
465179,000000465179.jpg,indoor,blazepose,medium,100.0,12,17,70.4
229111,000000229111.jpg,indoor,movenet,low,100.0,8,10,18.7
222118,000000222118.jpg,indoor,blazepose,low,100.0,12,17,70.5
23359,000000023359.jpg,outdoor,blazepose,medium,100.0,17,17,70.2
381971,000000381971.jpg,outdoor,movenet,high,87.5,8,12,18.2
279278,000000279278.jpg,outdoor,blazepose,high,0.0,11,0,9.3
455301,000000455301.jpg,indoor,movenet,medium,100.0,10,14,18.0
313034,000000313034.jpg,indoor,movenet,low,100.0,7,11,17.1
445722,000000445722.jpg,outdoor,movenet,medium,100.0,2,15,17.1
448076,000000448076.jpg,indoor,movenet,medium,0.0,16,13,17.2
322724,000000322724.jpg,outdoor,movenet,medium,100.0,14,17,17.3
529148,000000529148.jpg,indoor,blazepose,high,100.0,11,17,70.2
355257,000000355257.jpg,indoor,movenet,medium,80.0,10,12,18.2
364557,000000364557.jpg,outdoor,movenet,high,25.0,12,16,17.8
396200,000000396200.jpg,outdoor,movenet,medium,0.0,16,17,18.8
147729,000000147729.jpg,indoor,blazepose,medium,80.0,5,17,71.0
397354,000000397354.jpg,indoor,movenet,medium,0.0,11,12,18.0
226662,000000226662.jpg,outdoor,blazepose,high,0.0,8,0,9.7
184978,000000184978.jpg,outdoor,blazepose,high,0.0,16,0,9.4
473869,000000473869.jpg,indoor,blazepose,high,100.0,12,17,70.6
331604,000000331604.jpg,outdoor,blazepose,low,0.0,13,0,70.3
192607,000000192607.jpg,outdoor,blazepose,high,100.0,16,17,70.4
394206,000000394206.jpg,outdoor,movenet,high,93.75,16,16,18.3
122962,000000122962.jpg,indoor,movenet,low,0.0,16,9,17.8
231508,000000231508.jpg,outdoor,blazepose,high,100.0,15,17,70.4
559543,000000559543.jpg,indoor,movenet,low,100.0,11,14,18.3
458109,000000458109.jpg,outdoor,blazepose,high,0.0,2,0,9.5
341828,000000341828.jpg,indoor,movenet,low,100.0,7,12,17.8
198489,000000198489.jpg,outdoor,blazepose,medium,100.0,15,17,70.2
140987,000000140987.jpg,indoor,blazepose,medium,100.0,6,17,70.4
12280,000000012280.jpg,indoor,blazepose,medium,0.0,13,0,9.7
142620,000000142620.jpg,indoor,blazepose,high,100.0,13,17,70.8
432085,000000432085.jpg,indoor,blazepose,medium,100.0,5,17,70.7
16228,000000016228.jpg,outdoor,blazepose,high,0.0,12,0,9.6
458109,000000458109.jpg,outdoor,movenet,high,0.0,2,0,18.4
213255,000000213255.jpg,outdoor,movenet,high,100.0,11,14,18.4
302452,000000302452.jpg,indoor,movenet,low,0.0,8,9,17.6
97337,000000097337.jpg,indoor,blazepose,low,0.0,8,0,70.3
565853,000000565853.jpg,indoor,blazepose,medium,100.0,12,17,70.1
554595,000000554595.jpg,outdoor,blazepose,low,0.0,13,0,70.3
213033,000000213033.jpg,outdoor,blazepose,low,100.0,13,17,70.3
424551,000000424551.jpg,outdoor,blazepose,high,100.0,15,17,70.4
221291,000000221291.jpg,outdoor,movenet,low,100.0,12,13,18.2
309655,000000309655.jpg,outdoor,movenet,low,100.0,13,17,18.0
97337,000000097337.jpg,indoor,blazepose,medium,0.0,8,0,9.4
173008,000000173008.jpg,indoor,blazepose,medium,100.0,12,17,70.2
109313,000000109313.jpg,indoor,blazepose,high,100.0,14,17,70.2
140987,000000140987.jpg,indoor,blazepose,high,100.0,6,17,92.6
201426,000000201426.jpg,indoor,movenet,low,90.0,10,10,18.2
82085,000000082085.jpg,outdoor,movenet,medium,86.67,15,15,17.7
432553,000000432553.jpg,outdoor,movenet,medium,66.67,3,4,17.2
278973,000000278973.jpg,outdoor,movenet,medium,92.86,14,13,17.5
388927,000000388927.jpg,indoor,movenet,high,0.0,4,1,17.6
424551,000000424551.jpg,outdoor,movenet,low,93.33,15,16,17.9
326128,000000326128.jpg,outdoor,blazepose,high,100.0,15,17,70.5
356387,000000356387.jpg,outdoor,blazepose,high,0.0,9,0,9.3
289222,000000289222.jpg,outdoor,movenet,low,100.0,5,15,18.6
311303,000000311303.jpg,indoor,movenet,high,100.0,1,1,17.1
454067,000000454067.jpg,indoor,blazepose,medium,100.0,9,17,70.5
447611,000000447611.jpg,indoor,blazepose,high,0.0,1,0,9.4
343218,000000343218.jpg,outdoor,movenet,medium,100.0,15,16,18.4
82696,000000082696.jpg,indoor,movenet,high,75.0,4,4,18.2
286422,000000286422.jpg,outdoor,movenet,medium,100.0,13,17,17.8
275058,000000275058.jpg,outdoor,blazepose,low,0.0,12,0,69.9
330818,000000330818.jpg,indoor,movenet,medium,90.0,10,13,17.8
396200,000000396200.jpg,outdoor,movenet,high,0.0,16,17,17.9
546219,000000546219.jpg,indoor,movenet,medium,0.0,9,11,18.2
458109,000000458109.jpg,outdoor,blazepose,low,0.0,2,0,9.4
455597,000000455597.jpg,indoor,movenet,medium,0.0,5,6,19.4
455301,000000455301.jpg,indoor,blazepose,medium,100.0,10,17,70.8
164602,000000164602.jpg,indoor,movenet,low,100.0,12,13,18.2
311303,000000311303.jpg,indoor,blazepose,low,0.0,1,0,70.1
389684,000000389684.jpg,outdoor,blazepose,low,0.0,14,0,9.2
425221,000000425221.jpg,outdoor,blazepose,low,100.0,8,17,70.2
491090,000000491090.jpg,outdoor,blazepose,medium,100.0,14,17,70.3
492937,000000492937.jpg,outdoor,movenet,high,100.0,6,10,18.3
481567,000000481567.jpg,outdoor,movenet,high,100.0,10,16,18.1
311180,000000311180.jpg,indoor,movenet,low,0.0,1,0,17.1
463730,000000463730.jpg,outdoor,movenet,high,100.0,16,17,17.7
333745,000000333745.jpg,outdoor,movenet,low,100.0,16,17,18.2
180101,000000180101.jpg,indoor,blazepose,high,0.0,11,17,70.5
388927,000000388927.jpg,indoor,blazepose,medium,0.0,4,17,70.5
345397,000000345397.jpg,indoor,movenet,low,100.0,5,9,18.5
559543,000000559543.jpg,indoor,blazepose,medium,100.0,11,17,70.3
261318,000000261318.jpg,indoor,blazepose,low,0.0,13,0,70.1
65350,000000065350.jpg,outdoor,blazepose,high,100.0,15,17,70.4
426836,000000426836.jpg,outdoor,blazepose,medium,0.0,12,0,9.5
61747,000000061747.jpg,outdoor,blazepose,high,100.0,15,17,70.0
173302,000000173302.jpg,indoor,blazepose,low,0.0,7,0,9.4
398377,000000398377.jpg,indoor,movenet,high,6.67,15,15,18.1
83540,000000083540.jpg,outdoor,blazepose,medium,0.0,16,0,9.3
537506,000000537506.jpg,outdoor,blazepose,high,0.0,10,0,9.2
53529,000000053529.jpg,outdoor,blazepose,low,0.0,2,0,9.1
7088,000000007088.jpg,outdoor,movenet,medium,100.0,17,17,18.1
13659,000000013659.jpg,indoor,movenet,medium,0.0,15,14,17.8
325483,000000325483.jpg,indoor,movenet,low,85.71,14,13,18.1
432085,000000432085.jpg,indoor,movenet,low,100.0,5,7,18.1
450399,000000450399.jpg,indoor,blazepose,low,0.0,9,0,9.3
66771,000000066771.jpg,indoor,blazepose,low,100.0,9,17,70.7
341973,000000341973.jpg,outdoor,blazepose,medium,83.33,6,17,70.5
296649,000000296649.jpg,outdoor,movenet,medium,100.0,13,16,18.0
411754,000000411754.jpg,indoor,blazepose,medium,0.0,12,17,70.7
484351,000000484351.jpg,indoor,movenet,medium,0.0,15,12,18.1
435208,000000435208.jpg,indoor,blazepose,low,0.0,14,0,9.2
366884,000000366884.jpg,indoor,blazepose,medium,0.0,11,0,9.2
425221,000000425221.jpg,outdoor,blazepose,high,0.0,8,0,9.2
470779,000000470779.jpg,outdoor,movenet,high,43.75,16,14,17.7
554595,000000554595.jpg,outdoor,movenet,high,69.23,13,10,18.2
53626,000000053626.jpg,outdoor,movenet,low,64.71,17,12,18.3
427034,000000427034.jpg,indoor,movenet,medium,0.0,1,6,17.9
546219,000000546219.jpg,indoor,blazepose,high,0.0,9,17,70.6
336209,000000336209.jpg,outdoor,blazepose,medium,100.0,14,17,70.2
332570,000000332570.jpg,indoor,movenet,high,0.0,1,1,18.4
394206,000000394206.jpg,outdoor,movenet,low,87.5,16,15,18.0
260261,000000260261.jpg,outdoor,blazepose,medium,100.0,11,17,70.4
159399,000000159399.jpg,outdoor,movenet,high,100.0,11,17,18.1
201426,000000201426.jpg,indoor,movenet,high,90.0,10,11,18.4
499622,000000499622.jpg,outdoor,blazepose,low,100.0,11,17,70.3
381971,000000381971.jpg,outdoor,blazepose,low,0.0,8,0,70.0
229111,000000229111.jpg,indoor,blazepose,medium,100.0,8,17,70.5
466125,000000466125.jpg,indoor,movenet,medium,100.0,13,13,18.1
570756,000000570756.jpg,outdoor,movenet,low,100.0,13,17,17.8
331604,000000331604.jpg,outdoor,blazepose,high,100.0,13,17,70.5
500270,000000500270.jpg,outdoor,blazepose,high,100.0,12,17,70.9
302452,000000302452.jpg,indoor,blazepose,low,0.0,8,0,9.4
378284,000000378284.jpg,indoor,movenet,medium,75.0,4,5,18.4
82696,000000082696.jpg,indoor,movenet,medium,75.0,4,4,18.2
376093,000000376093.jpg,indoor,movenet,low,53.85,13,12,18.5
6460,000000006460.jpg,outdoor,movenet,high,35.71,14,5,18.3
118921,000000118921.jpg,outdoor,movenet,medium,100.0,17,17,18.7
500270,000000500270.jpg,outdoor,movenet,medium,58.33,12,10,18.3
369442,000000369442.jpg,outdoor,movenet,low,0.0,16,5,18.3
326128,000000326128.jpg,outdoor,movenet,low,100.0,15,17,18.7
448076,000000448076.jpg,indoor,movenet,high,0.0,16,13,18.5
394940,000000394940.jpg,indoor,movenet,medium,100.0,8,11,18.5
151000,000000151000.jpg,indoor,blazepose,medium,0.0,15,0,9.3
13659,000000013659.jpg,indoor,blazepose,high,0.0,15,17,70.6
209530,000000209530.jpg,indoor,blazepose,high,100.0,10,17,70.6
260261,000000260261.jpg,outdoor,blazepose,low,100.0,11,17,70.4
416451,000000416451.jpg,indoor,blazepose,low,100.0,12,17,70.3
164885,000000164885.jpg,outdoor,blazepose,low,100.0,16,17,70.4
192607,000000192607.jpg,outdoor,movenet,medium,100.0,16,17,18.8
376093,000000376093.jpg,indoor,blazepose,medium,0.0,13,17,70.3
296649,000000296649.jpg,outdoor,movenet,high,100.0,13,16,18.7
83540,000000083540.jpg,outdoor,blazepose,high,0.0,16,0,9.3
404805,000000404805.jpg,outdoor,blazepose,high,100.0,9,17,70.2
334399,000000334399.jpg,indoor,movenet,low,18.75,16,13,18.9
397133,000000397133.jpg,indoor,blazepose,low,100.0,13,17,70.3
233727,000000233727.jpg,outdoor,movenet,low,56.25,16,10,18.4
488592,000000488592.jpg,outdoor,movenet,low,100.0,9,17,18.1
549390,000000549390.jpg,outdoor,blazepose,high,100.0,15,17,70.4
186042,000000186042.jpg,outdoor,movenet,low,78.57,14,14,18.8
537270,000000537270.jpg,indoor,blazepose,high,100.0,10,17,70.5
515077,000000515077.jpg,indoor,blazepose,high,0.0,4,0,9.4
296224,000000296224.jpg,outdoor,movenet,high,0.0,4,14,18.2
274708,000000274708.jpg,outdoor,movenet,high,0.0,12,17,18.8
451155,000000451155.jpg,indoor,movenet,low,42.86,7,8,17.3
117425,000000117425.jpg,indoor,blazepose,medium,100.0,11,17,70.1
189752,000000189752.jpg,indoor,movenet,high,33.33,6,11,18.9
369442,000000369442.jpg,outdoor,movenet,high,0.0,16,17,18.2
128699,000000128699.jpg,outdoor,blazepose,high,100.0,12,17,70.3
445834,000000445834.jpg,outdoor,movenet,low,92.86,14,14,20.3
156643,000000156643.jpg,indoor,movenet,medium,100.0,11,17,18.5
345385,000000345385.jpg,indoor,movenet,high,62.5,8,9,18.1
402720,000000402720.jpg,indoor,movenet,low,70.0,10,12,18.0
447611,000000447611.jpg,indoor,movenet,medium,0.0,1,0,18.3
255483,000000255483.jpg,indoor,blazepose,high,0.0,3,0,9.3
66231,000000066231.jpg,indoor,movenet,low,85.71,14,15,18.3
144003,000000144003.jpg,indoor,movenet,medium,83.33,12,12,18.5
53529,000000053529.jpg,outdoor,movenet,high,50.0,2,4,18.5
396200,000000396200.jpg,outdoor,blazepose,low,0.0,16,17,70.2
345385,000000345385.jpg,indoor,blazepose,high,100.0,8,17,70.5
497599,000000497599.jpg,indoor,blazepose,low,100.0,9,17,70.8
333745,000000333745.jpg,outdoor,blazepose,low,0.0,16,17,70.4
439994,000000439994.jpg,outdoor,blazepose,medium,100.0,14,17,70.3
13659,000000013659.jpg,indoor,movenet,low,0.0,15,10,19.1
317999,000000317999.jpg,indoor,blazepose,high,100.0,5,17,70.4
364557,000000364557.jpg,outdoor,blazepose,low,0.0,12,0,70.5
274066,000000274066.jpg,outdoor,movenet,medium,16.67,12,12,18.2
515077,000000515077.jpg,indoor,movenet,high,75.0,4,8,18.8
397133,000000397133.jpg,indoor,movenet,medium,92.31,13,15,18.7
53626,000000053626.jpg,outdoor,movenet,high,76.47,17,13,18.6
66771,000000066771.jpg,indoor,blazepose,high,100.0,9,17,70.8
398377,000000398377.jpg,indoor,movenet,medium,6.67,15,15,18.7
116439,000000116439.jpg,outdoor,blazepose,high,100.0,10,17,70.4
144003,000000144003.jpg,indoor,movenet,high,83.33,12,12,18.7
66231,000000066231.jpg,indoor,blazepose,high,100.0,14,17,70.4
128699,000000128699.jpg,outdoor,blazepose,low,100.0,12,17,70.6
445722,000000445722.jpg,outdoor,movenet,high,100.0,2,15,19.0
500270,000000500270.jpg,outdoor,movenet,low,66.67,12,14,18.5
398237,000000398237.jpg,outdoor,blazepose,medium,100.0,15,17,70.0
463730,000000463730.jpg,outdoor,blazepose,low,100.0,16,17,70.4
394206,000000394206.jpg,outdoor,blazepose,high,100.0,16,17,70.1
275058,000000275058.jpg,outdoor,blazepose,high,100.0,12,17,70.4
252701,000000252701.jpg,outdoor,blazepose,high,100.0,16,17,70.2
481567,000000481567.jpg,outdoor,movenet,medium,100.0,10,16,18.7
320642,000000320642.jpg,indoor,blazepose,high,76.92,13,17,70.3
442746,000000442746.jpg,outdoor,blazepose,low,100.0,11,17,70.3
394206,000000394206.jpg,outdoor,blazepose,low,0.0,16,0,9.2
97988,000000097988.jpg,outdoor,blazepose,low,100.0,16,17,70.2
159399,000000159399.jpg,outdoor,movenet,medium,100.0,11,17,18.6
59598,000000059598.jpg,indoor,movenet,low,100.0,10,17,18.3
345397,000000345397.jpg,indoor,blazepose,medium,100.0,5,17,70.5
121242,000000121242.jpg,outdoor,blazepose,low,0.0,15,0,70.1
343218,000000343218.jpg,outdoor,blazepose,medium,100.0,15,17,94.0
84270,000000084270.jpg,indoor,movenet,medium,76.92,13,11,18.7
180101,000000180101.jpg,indoor,movenet,high,18.18,11,12,18.1
61747,000000061747.jpg,outdoor,blazepose,medium,100.0,15,17,70.6
524456,000000524456.jpg,indoor,blazepose,high,0.0,3,0,9.4
566282,000000566282.jpg,outdoor,movenet,medium,0.0,15,17,18.6
203389,000000203389.jpg,outdoor,blazepose,high,58.33,12,17,70.3
481390,000000481390.jpg,outdoor,blazepose,medium,0.0,17,0,9.4
356387,000000356387.jpg,outdoor,movenet,low,100.0,9,15,19.0
451155,000000451155.jpg,indoor,movenet,high,0.0,7,0,18.8
320642,000000320642.jpg,indoor,movenet,low,92.31,13,15,18.2
563882,000000563882.jpg,indoor,movenet,medium,40.0,5,3,17.5
193926,000000193926.jpg,outdoor,movenet,low,0.0,2,0,18.0
97337,000000097337.jpg,indoor,movenet,medium,0.0,8,0,18.4
142620,000000142620.jpg,indoor,movenet,high,92.31,13,13,18.5
256192,000000256192.jpg,outdoor,movenet,high,0.0,13,11,17.8
347265,000000347265.jpg,outdoor,blazepose,medium,100.0,16,17,70.5
473869,000000473869.jpg,indoor,movenet,high,91.67,12,12,18.7
67213,000000067213.jpg,outdoor,movenet,medium,87.5,8,7,18.3
259640,000000259640.jpg,outdoor,blazepose,medium,0.0,12,17,70.0
177213,000000177213.jpg,indoor,blazepose,high,0.0,2,0,9.4
315492,000000315492.jpg,indoor,blazepose,high,0.0,4,0,9.3
511599,000000511599.jpg,outdoor,movenet,medium,0.0,13,16,18.1
173302,000000173302.jpg,indoor,blazepose,medium,0.0,7,0,9.2
358923,000000358923.jpg,indoor,movenet,high,90.0,10,9,18.7
213033,000000213033.jpg,outdoor,movenet,medium,100.0,13,15,18.6
144003,000000144003.jpg,indoor,blazepose,low,100.0,12,17,71.0
341973,000000341973.jpg,outdoor,movenet,high,83.33,6,9,18.8
563882,000000563882.jpg,indoor,blazepose,medium,0.0,5,0,9.5
474854,000000474854.jpg,indoor,movenet,medium,100.0,10,13,18.3
59598,000000059598.jpg,indoor,blazepose,medium,0.0,10,17,70.4
91500,000000091500.jpg,indoor,blazepose,low,100.0,15,17,70.3
16598,000000016598.jpg,indoor,movenet,low,90.0,10,9,18.7
425221,000000425221.jpg,outdoor,movenet,high,87.5,8,12,18.3
243989,000000243989.jpg,outdoor,blazepose,high,100.0,12,17,70.5
180487,000000180487.jpg,indoor,blazepose,low,100.0,10,17,70.5
318138,000000318138.jpg,indoor,blazepose,low,9.09,11,17,70.7
150417,000000150417.jpg,indoor,blazepose,medium,100.0,11,17,70.3
419408,000000419408.jpg,outdoor,movenet,low,0.0,15,12,18.9
481567,000000481567.jpg,outdoor,blazepose,low,100.0,10,17,70.1
484351,000000484351.jpg,indoor,movenet,high,0.0,15,12,19.2
474095,000000474095.jpg,indoor,blazepose,high,100.0,16,17,70.5
53626,000000053626.jpg,outdoor,blazepose,medium,88.24,17,17,70.2
451155,000000451155.jpg,indoor,movenet,medium,0.0,7,0,18.7
23359,000000023359.jpg,outdoor,movenet,high,94.12,17,16,18.7
252701,000000252701.jpg,outdoor,movenet,medium,100.0,16,17,18.3
450303,000000450303.jpg,indoor,movenet,low,0.0,8,11,23.8
53626,000000053626.jpg,outdoor,blazepose,low,82.35,17,17,70.7
82715,000000082715.jpg,outdoor,blazepose,low,0.0,16,0,70.0
394940,000000394940.jpg,indoor,movenet,low,87.5,8,10,18.7
66231,000000066231.jpg,indoor,movenet,high,92.86,14,15,18.7
278973,000000278973.jpg,outdoor,blazepose,low,100.0,14,17,70.4
570756,000000570756.jpg,outdoor,blazepose,low,0.0,13,0,9.4
291791,000000291791.jpg,outdoor,blazepose,medium,0.0,7,0,9.2
549390,000000549390.jpg,outdoor,blazepose,medium,100.0,15,17,70.1
311180,000000311180.jpg,indoor,blazepose,high,0.0,1,0,9.5
572620,000000572620.jpg,outdoor,blazepose,high,0.0,16,17,70.2
140987,000000140987.jpg,indoor,movenet,high,100.0,6,9,19.0
234607,000000234607.jpg,indoor,movenet,low,62.5,16,17,18.4
315492,000000315492.jpg,indoor,movenet,high,100.0,4,11,18.3
330818,000000330818.jpg,indoor,blazepose,high,100.0,10,17,71.0
398237,000000398237.jpg,outdoor,movenet,low,100.0,15,16,18.7
154644,000000154644.jpg,indoor,movenet,high,77.78,9,9,18.5
82696,000000082696.jpg,indoor,blazepose,high,0.0,4,0,9.4
250901,000000250901.jpg,indoor,blazepose,high,100.0,4,17,70.6
546717,000000546717.jpg,indoor,blazepose,high,100.0,12,17,70.3
329219,000000329219.jpg,indoor,blazepose,high,100.0,12,17,70.4
315492,000000315492.jpg,indoor,movenet,low,75.0,4,7,18.8
51314,000000051314.jpg,outdoor,blazepose,medium,100.0,14,17,70.2
309655,000000309655.jpg,outdoor,blazepose,low,100.0,13,17,70.5
322724,000000322724.jpg,outdoor,movenet,low,100.0,14,17,18.8
492937,000000492937.jpg,outdoor,movenet,low,83.33,6,11,18.6
341469,000000341469.jpg,outdoor,blazepose,medium,100.0,17,17,70.5
203389,000000203389.jpg,outdoor,movenet,low,33.33,12,14,18.7
574315,000000574315.jpg,indoor,blazepose,medium,0.0,2,0,9.4
524456,000000524456.jpg,indoor,movenet,high,33.33,3,2,18.7
217872,000000217872.jpg,outdoor,movenet,low,12.5,16,3,19.5
109313,000000109313.jpg,indoor,blazepose,medium,100.0,14,17,70.8
229111,000000229111.jpg,indoor,movenet,high,100.0,8,10,20.7
489611,000000489611.jpg,indoor,blazepose,medium,100.0,10,17,70.3
250901,000000250901.jpg,indoor,movenet,low,0.0,4,3,18.7
467176,000000467176.jpg,indoor,blazepose,medium,0.0,10,0,9.2
159399,000000159399.jpg,outdoor,blazepose,low,100.0,11,17,70.2
550349,000000550349.jpg,outdoor,movenet,high,57.14,14,15,18.9
389684,000000389684.jpg,outdoor,movenet,high,92.86,14,16,18.1
347265,000000347265.jpg,outdoor,blazepose,low,100.0,16,17,70.3
97988,000000097988.jpg,outdoor,movenet,high,100.0,16,17,18.9
571857,000000571857.jpg,outdoor,blazepose,high,0.0,17,0,9.3
240250,000000240250.jpg,indoor,blazepose,high,100.0,11,17,70.5
278973,000000278973.jpg,outdoor,blazepose,medium,100.0,14,17,70.3
500257,000000500257.jpg,indoor,blazepose,medium,0.0,13,17,70.3
356387,000000356387.jpg,outdoor,blazepose,medium,0.0,9,17,70.6
68093,000000068093.jpg,outdoor,blazepose,medium,100.0,14,17,70.6
184978,000000184978.jpg,outdoor,movenet,medium,100.0,16,17,19.3
213033,000000213033.jpg,outdoor,movenet,high,100.0,13,15,19.0
376093,000000376093.jpg,indoor,blazepose,high,100.0,13,17,70.6
91500,000000091500.jpg,indoor,movenet,low,80.0,15,12,18.9
535306,000000535306.jpg,outdoor,blazepose,low,66.67,3,17,70.3
341973,000000341973.jpg,outdoor,movenet,medium,83.33,6,9,18.8
344029,000000344029.jpg,outdoor,blazepose,high,0.0,7,0,9.6
203389,000000203389.jpg,outdoor,movenet,high,33.33,12,12,19.3
66771,000000066771.jpg,indoor,movenet,low,100.0,9,11,19.0
465179,000000465179.jpg,indoor,movenet,low,100.0,12,13,18.8
361238,000000361238.jpg,indoor,movenet,low,87.5,8,12,19.1
414385,000000414385.jpg,outdoor,movenet,high,100.0,16,17,18.9
274066,000000274066.jpg,outdoor,movenet,high,16.67,12,12,18.8
233727,000000233727.jpg,outdoor,blazepose,medium,0.0,16,0,9.5
296649,000000296649.jpg,outdoor,blazepose,medium,0.0,13,17,71.4
184978,000000184978.jpg,outdoor,movenet,high,100.0,16,17,19.0
366884,000000366884.jpg,indoor,movenet,medium,90.91,11,16,19.7
447611,000000447611.jpg,indoor,movenet,low,0.0,1,0,18.6
537506,000000537506.jpg,outdoor,movenet,high,100.0,10,15,19.2
84270,000000084270.jpg,indoor,blazepose,medium,0.0,13,0,70.3
396200,000000396200.jpg,outdoor,blazepose,high,0.0,16,17,70.8
13729,000000013729.jpg,indoor,blazepose,medium,6.25,16,17,71.4
180487,000000180487.jpg,indoor,blazepose,high,100.0,10,17,72.6
86956,000000086956.jpg,indoor,blazepose,high,100.0,12,17,73.9
251824,000000251824.jpg,indoor,blazepose,high,0.0,2,0,9.7
189752,000000189752.jpg,indoor,movenet,low,0.0,6,1,19.9
180487,000000180487.jpg,indoor,movenet,high,100.0,10,13,18.9
345397,000000345397.jpg,indoor,blazepose,high,100.0,5,17,71.0
376322,000000376322.jpg,indoor,movenet,low,28.57,7,12,19.1
227491,000000227491.jpg,outdoor,movenet,high,100.0,17,17,18.9
397354,000000397354.jpg,indoor,movenet,high,0.0,11,12,18.4
67213,000000067213.jpg,outdoor,blazepose,high,0.0,8,0,9.5
341828,000000341828.jpg,indoor,movenet,medium,85.71,7,9,48.7
403584,000000403584.jpg,outdoor,blazepose,medium,80.0,10,17,72.6
426836,000000426836.jpg,outdoor,movenet,high,100.0,12,17,21.3
463730,000000463730.jpg,outdoor,movenet,low,100.0,16,17,21.6
358923,000000358923.jpg,indoor,blazepose,medium,100.0,10,17,73.6
180487,000000180487.jpg,indoor,movenet,medium,100.0,10,13,19.3
138979,000000138979.jpg,outdoor,blazepose,high,0.0,15,0,9.5
177213,000000177213.jpg,indoor,blazepose,medium,0.0,2,0,9.3
504074,000000504074.jpg,indoor,movenet,medium,7.14,14,14,18.7
29397,000000029397.jpg,outdoor,blazepose,high,0.0,2,0,9.3
274708,000000274708.jpg,outdoor,blazepose,low,0.0,12,0,9.3
240250,000000240250.jpg,indoor,blazepose,medium,100.0,11,17,70.4
233727,000000233727.jpg,outdoor,blazepose,low,0.0,16,0,9.4
537270,000000537270.jpg,indoor,blazepose,low,90.0,10,17,70.9
227491,000000227491.jpg,outdoor,movenet,low,100.0,17,17,19.3
336209,000000336209.jpg,outdoor,blazepose,high,100.0,14,17,71.1
86956,000000086956.jpg,indoor,blazepose,low,0.0,12,17,71.0
65350,000000065350.jpg,outdoor,movenet,high,26.67,15,9,19.1
378284,000000378284.jpg,indoor,movenet,high,75.0,4,5,18.7
214720,000000214720.jpg,indoor,blazepose,low,100.0,11,17,70.2
13729,000000013729.jpg,indoor,blazepose,low,6.25,16,17,70.6
398377,000000398377.jpg,indoor,blazepose,low,26.67,15,17,71.2
61747,000000061747.jpg,outdoor,movenet,medium,100.0,15,17,19.4
532690,000000532690.jpg,indoor,blazepose,medium,100.0,12,17,71.5
13659,000000013659.jpg,indoor,blazepose,low,0.0,15,0,9.3
455937,000000455937.jpg,indoor,blazepose,medium,100.0,16,17,71.5
213255,000000213255.jpg,outdoor,movenet,medium,100.0,11,14,19.3
296224,000000296224.jpg,outdoor,blazepose,low,0.0,4,0,71.3
234607,000000234607.jpg,indoor,blazepose,high,100.0,16,17,70.8
65350,000000065350.jpg,outdoor,movenet,medium,26.67,15,9,18.6
398237,000000398237.jpg,outdoor,blazepose,low,0.0,15,0,9.4
540414,000000540414.jpg,outdoor,movenet,low,100.0,16,17,18.9
109313,000000109313.jpg,indoor,blazepose,low,100.0,14,17,84.2
336209,000000336209.jpg,outdoor,movenet,low,57.14,14,11,23.8
82812,000000082812.jpg,outdoor,blazepose,low,0.0,14,0,9.8
68628,000000068628.jpg,outdoor,movenet,medium,100.0,14,17,22.0
581317,000000581317.jpg,indoor,blazepose,high,100.0,11,17,75.6
261318,000000261318.jpg,indoor,blazepose,high,100.0,13,17,70.5
198489,000000198489.jpg,outdoor,movenet,high,100.0,15,16,19.1
317999,000000317999.jpg,indoor,movenet,high,100.0,5,9,18.4
470779,000000470779.jpg,outdoor,movenet,low,25.0,16,11,18.5
280930,000000280930.jpg,indoor,blazepose,high,100.0,12,17,70.4
333745,000000333745.jpg,outdoor,blazepose,high,100.0,16,17,70.2
437205,000000437205.jpg,indoor,blazepose,low,100.0,9,17,70.1
190637,000000190637.jpg,indoor,movenet,low,80.0,5,8,18.8
326128,000000326128.jpg,outdoor,blazepose,medium,100.0,15,17,70.1
432085,000000432085.jpg,indoor,movenet,medium,80.0,5,6,18.6
59635,000000059635.jpg,outdoor,movenet,low,0.0,16,17,18.5
345385,000000345385.jpg,indoor,blazepose,medium,100.0,8,17,70.5
364126,000000364126.jpg,outdoor,movenet,low,100.0,15,17,18.7
397133,000000397133.jpg,indoor,movenet,low,92.31,13,16,18.5
122672,000000122672.jpg,outdoor,movenet,low,100.0,11,14,17.9
463730,000000463730.jpg,outdoor,blazepose,high,100.0,16,17,70.0
552775,000000552775.jpg,indoor,blazepose,low,100.0,3,17,70.9
559543,000000559543.jpg,indoor,movenet,medium,100.0,11,14,18.8
6460,000000006460.jpg,outdoor,blazepose,high,92.86,14,17,70.2
326970,000000326970.jpg,indoor,blazepose,low,100.0,15,17,70.2
566282,000000566282.jpg,outdoor,blazepose,medium,0.0,15,17,70.1
256775,000000256775.jpg,outdoor,movenet,medium,0.0,16,16,19.0
275058,000000275058.jpg,outdoor,movenet,low,66.67,12,13,18.2
135604,000000135604.jpg,outdoor,blazepose,medium,100.0,15,17,70.1
552775,000000552775.jpg,indoor,movenet,medium,100.0,3,5,18.4
499622,000000499622.jpg,outdoor,movenet,medium,90.91,11,13,18.5
344029,000000344029.jpg,outdoor,movenet,high,0.0,7,0,18.6
58393,000000058393.jpg,outdoor,movenet,low,100.0,2,7,17.7
209530,000000209530.jpg,indoor,blazepose,medium,100.0,10,17,70.1
319100,000000319100.jpg,indoor,blazepose,medium,85.71,14,17,70.9
151000,000000151000.jpg,indoor,blazepose,low,0.0,15,0,9.3
397354,000000397354.jpg,indoor,blazepose,medium,100.0,11,17,70.5
213035,000000213035.jpg,indoor,blazepose,medium,0.0,2,0,70.5
356248,000000356248.jpg,indoor,blazepose,low,0.0,9,0,9.4
378673,000000378673.jpg,outdoor,blazepose,low,0.0,12,0,9.3
260470,000000260470.jpg,outdoor,blazepose,low,0.0,9,0,9.1
274708,000000274708.jpg,outdoor,blazepose,medium,0.0,12,0,9.7
474095,000000474095.jpg,indoor,movenet,high,93.75,16,15,21.5
15597,000000015597.jpg,outdoor,blazepose,medium,100.0,15,17,70.3
326970,000000326970.jpg,indoor,blazepose,medium,100.0,15,17,70.4
347265,000000347265.jpg,outdoor,movenet,medium,100.0,16,17,19.0
532690,000000532690.jpg,indoor,blazepose,low,100.0,12,17,71.0
258388,000000258388.jpg,outdoor,blazepose,low,0.0,15,17,70.0
420916,000000420916.jpg,outdoor,movenet,medium,100.0,7,8,18.0
221291,000000221291.jpg,outdoor,blazepose,medium,100.0,12,17,80.3
109313,000000109313.jpg,indoor,movenet,medium,100.0,14,16,22.2
6771,000000006771.jpg,indoor,movenet,high,72.73,11,8,19.6
568814,000000568814.jpg,indoor,blazepose,high,100.0,7,17,70.7
252701,000000252701.jpg,outdoor,blazepose,medium,100.0,16,17,70.9
86956,000000086956.jpg,indoor,movenet,medium,83.33,12,10,19.2
68093,000000068093.jpg,outdoor,movenet,high,92.86,14,15,18.7
448076,000000448076.jpg,indoor,blazepose,low,100.0,16,17,71.2
405195,000000405195.jpg,indoor,movenet,medium,0.0,3,0,19.1
466125,000000466125.jpg,indoor,blazepose,medium,100.0,13,17,72.5
540414,000000540414.jpg,outdoor,movenet,medium,87.5,16,15,19.6
30504,000000030504.jpg,outdoor,movenet,high,100.0,12,16,20.1
231580,000000231580.jpg,indoor,blazepose,low,100.0,14,17,73.3
330818,000000330818.jpg,indoor,blazepose,medium,100.0,10,17,70.3
482585,000000482585.jpg,outdoor,movenet,medium,100.0,11,17,18.5
479126,000000479126.jpg,indoor,movenet,medium,100.0,15,16,17.9
319100,000000319100.jpg,indoor,movenet,medium,85.71,14,13,18.5
151000,000000151000.jpg,indoor,blazepose,high,0.0,15,0,9.5
282298,000000282298.jpg,indoor,movenet,low,0.0,15,14,18.9
182155,000000182155.jpg,indoor,blazepose,medium,100.0,10,17,72.4
68093,000000068093.jpg,outdoor,movenet,low,78.57,14,14,19.6
426268,000000426268.jpg,outdoor,movenet,low,100.0,9,15,19.6
122672,000000122672.jpg,outdoor,movenet,medium,100.0,11,17,21.2
259640,000000259640.jpg,outdoor,movenet,high,0.0,12,11,19.1
348881,000000348881.jpg,outdoor,movenet,low,100.0,13,17,20.3
319100,000000319100.jpg,indoor,movenet,high,85.71,14,13,20.7
217872,000000217872.jpg,outdoor,movenet,high,75.0,16,13,19.7
440475,000000440475.jpg,indoor,movenet,medium,100.0,12,15,20.6
214720,000000214720.jpg,indoor,movenet,medium,100.0,11,13,20.7
154644,000000154644.jpg,indoor,blazepose,medium,0.0,9,0,9.6
182155,000000182155.jpg,indoor,blazepose,low,100.0,10,17,71.3
83540,000000083540.jpg,outdoor,movenet,medium,43.75,16,7,18.9
317999,000000317999.jpg,indoor,blazepose,low,100.0,5,17,70.9
164885,000000164885.jpg,outdoor,movenet,low,100.0,16,17,19.0
570756,000000570756.jpg,outdoor,blazepose,high,0.0,13,0,9.4
318138,000000318138.jpg,indoor,movenet,high,36.36,11,14,18.9
450399,000000450399.jpg,indoor,blazepose,medium,0.0,9,17,71.5
341469,000000341469.jpg,outdoor,blazepose,low,100.0,17,17,71.3
341469,000000341469.jpg,outdoor,movenet,high,100.0,17,17,19.4
182155,000000182155.jpg,indoor,movenet,low,80.0,10,9,19.7
403584,000000403584.jpg,outdoor,blazepose,low,70.0,10,17,71.6
311180,000000311180.jpg,indoor,movenet,medium,0.0,1,2,19.3
495732,000000495732.jpg,indoor,blazepose,low,81.25,16,17,71.0
110042,000000110042.jpg,indoor,movenet,low,0.0,10,16,19.2
330818,000000330818.jpg,indoor,movenet,low,80.0,10,11,18.7
258388,000000258388.jpg,outdoor,movenet,low,86.67,15,15,43.0
213255,000000213255.jpg,outdoor,blazepose,high,100.0,11,17,73.5
226662,000000226662.jpg,outdoor,blazepose,low,0.0,8,0,9.4
426836,000000426836.jpg,outdoor,blazepose,high,0.0,12,0,9.4
116439,000000116439.jpg,outdoor,movenet,high,90.0,10,11,18.6
260261,000000260261.jpg,outdoor,movenet,high,100.0,11,16,18.8
91500,000000091500.jpg,indoor,movenet,high,86.67,15,13,18.5
405195,000000405195.jpg,indoor,blazepose,high,0.0,3,0,9.6
173302,000000173302.jpg,indoor,movenet,low,57.14,7,15,18.8
435208,000000435208.jpg,indoor,blazepose,high,0.0,14,0,9.4
68628,000000068628.jpg,outdoor,movenet,high,100.0,14,17,19.0
97988,000000097988.jpg,outdoor,movenet,medium,100.0,16,17,18.6
394206,000000394206.jpg,outdoor,blazepose,medium,0.0,16,0,9.2
336209,000000336209.jpg,outdoor,blazepose,low,100.0,14,17,70.5
508101,000000508101.jpg,outdoor,movenet,high,0.0,13,17,18.6
258388,000000258388.jpg,outdoor,blazepose,medium,0.0,15,17,70.3
427034,000000427034.jpg,indoor,blazepose,low,0.0,1,0,9.4
402720,000000402720.jpg,indoor,blazepose,medium,0.0,10,0,9.1
82696,000000082696.jpg,indoor,blazepose,medium,0.0,4,0,9.2
314177,000000314177.jpg,indoor,blazepose,high,100.0,15,17,70.3
479126,000000479126.jpg,indoor,movenet,low,100.0,15,16,18.9
82085,000000082085.jpg,outdoor,movenet,low,93.33,15,16,18.4
252701,000000252701.jpg,outdoor,movenet,high,100.0,16,17,18.4
226662,000000226662.jpg,outdoor,blazepose,medium,0.0,8,0,9.3
416451,000000416451.jpg,indoor,movenet,high,0.0,12,15,18.6
261318,000000261318.jpg,indoor,movenet,high,92.31,13,15,18.5
2261,000000002261.jpg,outdoor,movenet,high,83.33,6,13,18.5
55528,000000055528.jpg,indoor,blazepose,medium,100.0,10,17,70.7
217872,000000217872.jpg,outdoor,blazepose,low,0.0,16,0,9.3
397133,000000397133.jpg,indoor,movenet,high,92.31,13,15,18.9
497344,000000497344.jpg,indoor,movenet,low,85.71,7,7,18.8
378284,000000378284.jpg,indoor,blazepose,low,0.0,4,0,9.5
82696,000000082696.jpg,indoor,blazepose,low,0.0,4,0,9.2
59635,000000059635.jpg,outdoor,blazepose,high,0.0,16,0,9.2
119365,000000119365.jpg,indoor,movenet,medium,20.0,5,3,18.3
405195,000000405195.jpg,indoor,blazepose,medium,0.0,3,0,9.6
532690,000000532690.jpg,indoor,blazepose,high,100.0,12,17,70.6
182611,000000182611.jpg,indoor,movenet,low,90.91,11,12,18.8
110784,000000110784.jpg,outdoor,movenet,low,100.0,15,17,17.4
361238,000000361238.jpg,indoor,blazepose,high,100.0,8,17,70.3
491090,000000491090.jpg,outdoor,movenet,low,100.0,14,15,18.9
278973,000000278973.jpg,outdoor,blazepose,high,100.0,14,17,70.5
520910,000000520910.jpg,indoor,movenet,medium,100.0,15,17,18.5
177213,000000177213.jpg,indoor,movenet,medium,50.0,2,1,18.7
173008,000000173008.jpg,indoor,movenet,medium,91.67,12,11,18.2
250901,000000250901.jpg,indoor,blazepose,medium,0.0,4,0,9.5
398237,000000398237.jpg,outdoor,movenet,medium,100.0,15,16,18.5
6771,000000006771.jpg,indoor,movenet,low,63.64,11,7,18.6
474095,000000474095.jpg,indoor,movenet,medium,93.75,16,15,20.2
190637,000000190637.jpg,indoor,movenet,high,80.0,5,9,18.7
180101,000000180101.jpg,indoor,blazepose,medium,100.0,11,17,70.4
481390,000000481390.jpg,outdoor,movenet,low,0.0,17,16,18.8
520707,000000520707.jpg,indoor,blazepose,low,0.0,13,17,70.1
213035,000000213035.jpg,indoor,movenet,high,50.0,2,4,18.8
67213,000000067213.jpg,outdoor,blazepose,low,0.0,8,0,9.2
442746,000000442746.jpg,outdoor,movenet,high,100.0,11,17,18.0
117425,000000117425.jpg,indoor,movenet,medium,100.0,11,13,17.5
454067,000000454067.jpg,indoor,movenet,high,88.89,9,12,17.8
82085,000000082085.jpg,outdoor,blazepose,medium,0.0,15,0,9.3
563882,000000563882.jpg,indoor,blazepose,low,0.0,5,0,9.3
82696,000000082696.jpg,indoor,movenet,low,0.0,4,0,18.9
445834,000000445834.jpg,outdoor,blazepose,medium,100.0,14,17,71.0
80932,000000080932.jpg,indoor,movenet,medium,18.18,11,12,18.2
59635,000000059635.jpg,outdoor,movenet,medium,0.0,16,17,18.4
320642,000000320642.jpg,indoor,movenet,medium,92.31,13,14,18.3
402615,000000402615.jpg,outdoor,blazepose,medium,100.0,13,17,70.4
201426,000000201426.jpg,indoor,blazepose,high,0.0,10,17,70.6
117425,000000117425.jpg,indoor,movenet,low,100.0,11,12,18.6
459954,000000459954.jpg,indoor,movenet,low,50.0,6,13,18.7
508101,000000508101.jpg,outdoor,blazepose,medium,0.0,13,0,9.4
393056,000000393056.jpg,outdoor,blazepose,low,0.0,11,0,9.4
170613,000000170613.jpg,outdoor,movenet,low,36.36,11,13,18.1
455624,000000455624.jpg,outdoor,blazepose,low,0.0,12,0,9.5
529148,000000529148.jpg,indoor,movenet,high,18.18,11,3,17.8
454067,000000454067.jpg,indoor,blazepose,high,100.0,9,17,70.7
179112,000000179112.jpg,indoor,movenet,medium,100.0,8,8,18.3
424551,000000424551.jpg,outdoor,movenet,medium,100.0,15,17,18.2
500257,000000500257.jpg,indoor,movenet,high,0.0,13,16,18.4
535306,000000535306.jpg,outdoor,movenet,medium,66.67,3,4,18.5
260261,000000260261.jpg,outdoor,movenet,low,100.0,11,17,18.3
213035,000000213035.jpg,indoor,movenet,low,50.0,2,4,18.4
455937,000000455937.jpg,indoor,movenet,high,100.0,16,16,18.5
279278,000000279278.jpg,outdoor,movenet,medium,27.27,11,9,17.5
489611,000000489611.jpg,indoor,blazepose,high,100.0,10,17,70.7
116439,000000116439.jpg,outdoor,blazepose,low,0.0,10,0,70.1
344029,000000344029.jpg,outdoor,blazepose,low,0.0,7,0,70.1
315492,000000315492.jpg,indoor,blazepose,medium,0.0,4,0,9.3
15956,000000015956.jpg,indoor,blazepose,high,23.08,13,17,70.5
554595,000000554595.jpg,outdoor,movenet,low,53.85,13,8,18.8
389684,000000389684.jpg,outdoor,movenet,low,100.0,14,17,18.0
164602,000000164602.jpg,indoor,blazepose,medium,91.67,12,17,70.5
581062,000000581062.jpg,outdoor,blazepose,medium,0.0,14,0,70.1
402615,000000402615.jpg,outdoor,blazepose,high,100.0,13,17,70.4
65350,000000065350.jpg,outdoor,blazepose,medium,100.0,15,17,71.4
507473,000000507473.jpg,indoor,movenet,medium,100.0,11,13,19.1
329219,000000329219.jpg,indoor,movenet,low,83.33,12,15,17.5
568814,000000568814.jpg,indoor,movenet,low,71.43,7,12,18.3
402615,000000402615.jpg,outdoor,movenet,high,100.0,13,17,18.5
455937,000000455937.jpg,indoor,blazepose,low,87.5,16,17,70.3
355257,000000355257.jpg,indoor,blazepose,low,100.0,10,17,70.2
186042,000000186042.jpg,outdoor,movenet,high,85.71,14,14,18.6
492937,000000492937.jpg,outdoor,blazepose,low,0.0,6,0,9.3
7088,000000007088.jpg,outdoor,blazepose,high,100.0,17,17,70.5
15597,000000015597.jpg,outdoor,movenet,high,80.0,15,14,18.8
117425,000000117425.jpg,indoor,blazepose,low,100.0,11,17,70.5
279278,000000279278.jpg,outdoor,movenet,low,27.27,11,7,18.7
474095,000000474095.jpg,indoor,blazepose,low,100.0,16,17,71.1
39785,000000039785.jpg,outdoor,movenet,medium,100.0,16,17,18.8
520707,000000520707.jpg,indoor,blazepose,high,100.0,13,17,70.1
192607,000000192607.jpg,outdoor,movenet,high,100.0,16,17,18.5
376625,000000376625.jpg,outdoor,movenet,low,0.0,14,15,17.6
172617,000000172617.jpg,indoor,movenet,low,100.0,10,10,18.4
196141,000000196141.jpg,outdoor,blazepose,medium,0.0,17,17,70.0
221291,000000221291.jpg,outdoor,blazepose,high,100.0,12,17,70.4
451155,000000451155.jpg,indoor,blazepose,high,100.0,7,17,70.1
474854,000000474854.jpg,indoor,movenet,high,100.0,10,13,18.4
537506,000000537506.jpg,outdoor,blazepose,low,0.0,10,0,9.4
393056,000000393056.jpg,outdoor,movenet,high,100.0,11,17,18.8
138979,000000138979.jpg,outdoor,movenet,high,0.0,15,15,18.3
13729,000000013729.jpg,indoor,blazepose,high,100.0,16,17,70.4
341973,000000341973.jpg,outdoor,movenet,low,66.67,6,7,18.7
311303,000000311303.jpg,indoor,movenet,low,0.0,1,0,17.9
437331,000000437331.jpg,outdoor,blazepose,low,0.0,15,0,9.4
35062,000000035062.jpg,indoor,blazepose,medium,0.0,3,0,9.2
135604,000000135604.jpg,outdoor,movenet,high,93.33,15,15,18.3
366884,000000366884.jpg,indoor,blazepose,high,0.0,11,0,9.4
286422,000000286422.jpg,outdoor,blazepose,medium,0.0,13,0,70.3
201426,000000201426.jpg,indoor,blazepose,low,0.0,10,17,70.4
581317,000000581317.jpg,indoor,blazepose,low,100.0,11,17,70.3
82812,000000082812.jpg,outdoor,blazepose,medium,0.0,14,17,70.4
432085,000000432085.jpg,indoor,blazepose,high,100.0,5,17,94.4
467176,000000467176.jpg,indoor,blazepose,low,0.0,10,0,70.0
508101,000000508101.jpg,outdoor,blazepose,high,0.0,13,0,9.5
291634,000000291634.jpg,outdoor,movenet,low,86.67,15,16,18.8
356248,000000356248.jpg,indoor,blazepose,medium,0.0,9,0,9.3
189752,000000189752.jpg,indoor,blazepose,medium,0.0,6,0,9.1
15956,000000015956.jpg,indoor,movenet,low,100.0,13,16,18.7
571857,000000571857.jpg,outdoor,movenet,medium,0.0,17,17,18.4
332570,000000332570.jpg,indoor,movenet,medium,0.0,1,1,18.2
118921,000000118921.jpg,outdoor,movenet,low,100.0,17,17,17.7
420916,000000420916.jpg,outdoor,movenet,high,100.0,7,8,18.7
500257,000000500257.jpg,indoor,movenet,low,0.0,13,14,18.5
180487,000000180487.jpg,indoor,blazepose,medium,100.0,10,17,70.4
53529,000000053529.jpg,outdoor,blazepose,high,0.0,2,0,9.4
274066,000000274066.jpg,outdoor,blazepose,low,0.0,12,0,9.2
398237,000000398237.jpg,outdoor,movenet,high,100.0,15,16,18.6
196141,000000196141.jpg,outdoor,movenet,high,0.0,17,17,18.5
144003,000000144003.jpg,indoor,blazepose,high,100.0,12,17,70.4
442746,000000442746.jpg,outdoor,movenet,medium,100.0,11,17,18.6
355257,000000355257.jpg,indoor,blazepose,medium,100.0,10,17,70.2
52996,000000052996.jpg,indoor,movenet,medium,0.0,15,9,18.7
164885,000000164885.jpg,outdoor,movenet,high,100.0,16,17,18.2
279278,000000279278.jpg,outdoor,blazepose,low,0.0,11,0,9.3
537270,000000537270.jpg,indoor,movenet,low,60.0,10,10,18.2
59635,000000059635.jpg,outdoor,movenet,high,0.0,16,17,18.7
13659,000000013659.jpg,indoor,movenet,high,0.0,15,14,18.5
255483,000000255483.jpg,indoor,movenet,high,0.0,3,2,18.6
424551,000000424551.jpg,outdoor,blazepose,low,100.0,15,17,70.2
550349,000000550349.jpg,outdoor,movenet,medium,57.14,14,15,18.5
203389,000000203389.jpg,outdoor,movenet,medium,33.33,12,12,18.2
448365,000000448365.jpg,outdoor,movenet,medium,93.75,16,16,18.1
330818,000000330818.jpg,indoor,blazepose,low,100.0,10,17,70.2
394940,000000394940.jpg,indoor,blazepose,medium,100.0,8,17,70.4
549390,000000549390.jpg,outdoor,movenet,medium,100.0,15,16,18.6
393056,000000393056.jpg,outdoor,blazepose,high,100.0,11,17,70.6
322724,000000322724.jpg,outdoor,blazepose,high,100.0,14,17,70.1
214720,000000214720.jpg,indoor,blazepose,medium,100.0,11,17,70.2
581062,000000581062.jpg,outdoor,blazepose,low,0.0,14,0,70.3
291634,000000291634.jpg,outdoor,blazepose,medium,0.0,15,0,9.3
529148,000000529148.jpg,indoor,blazepose,low,100.0,11,17,70.4
361919,000000361919.jpg,outdoor,blazepose,high,0.0,14,17,70.5
213035,000000213035.jpg,indoor,blazepose,low,50.0,2,17,70.3
495732,000000495732.jpg,indoor,movenet,high,100.0,16,17,19.0
23359,000000023359.jpg,outdoor,blazepose,high,100.0,17,17,70.3
495732,000000495732.jpg,indoor,movenet,low,100.0,16,17,18.6
439994,000000439994.jpg,outdoor,movenet,high,92.86,14,15,18.0
581317,000000581317.jpg,indoor,movenet,high,100.0,11,12,18.4
287347,000000287347.jpg,indoor,blazepose,high,100.0,11,17,70.6
261318,000000261318.jpg,indoor,movenet,medium,92.31,13,15,18.6
280930,000000280930.jpg,indoor,movenet,low,100.0,12,15,18.1
470779,000000470779.jpg,outdoor,movenet,medium,43.75,16,14,18.4
301135,000000301135.jpg,outdoor,movenet,low,6.67,15,17,17.9
504074,000000504074.jpg,indoor,blazepose,medium,100.0,14,17,70.5
414385,000000414385.jpg,outdoor,blazepose,low,0.0,16,0,70.0
376093,000000376093.jpg,indoor,movenet,high,61.54,13,13,18.7
364126,000000364126.jpg,outdoor,blazepose,low,100.0,15,17,70.1
12576,000000012576.jpg,indoor,movenet,low,100.0,4,6,18.9
259640,000000259640.jpg,outdoor,blazepose,high,0.0,12,0,9.4
213255,000000213255.jpg,outdoor,blazepose,low,0.0,11,0,9.1
546717,000000546717.jpg,indoor,blazepose,medium,100.0,12,17,70.1
182611,000000182611.jpg,indoor,blazepose,low,100.0,11,17,70.5
455301,000000455301.jpg,indoor,blazepose,high,100.0,10,17,70.5
256775,000000256775.jpg,outdoor,movenet,high,0.0,16,16,18.5
97337,000000097337.jpg,indoor,movenet,high,0.0,8,0,18.3
156643,000000156643.jpg,indoor,blazepose,medium,100.0,11,17,70.2
53529,000000053529.jpg,outdoor,movenet,low,0.0,2,0,18.6
581317,000000581317.jpg,indoor,blazepose,medium,100.0,11,17,70.3
404805,000000404805.jpg,outdoor,blazepose,low,100.0,9,17,70.3
566282,000000566282.jpg,outdoor,movenet,low,0.0,15,16,18.9
378284,000000378284.jpg,indoor,blazepose,high,0.0,4,0,9.4
581062,000000581062.jpg,outdoor,movenet,low,100.0,14,17,18.5
507473,000000507473.jpg,indoor,blazepose,low,100.0,11,17,70.3
201426,000000201426.jpg,indoor,movenet,medium,90.0,10,11,18.8
440475,000000440475.jpg,indoor,blazepose,medium,0.0,12,0,9.2
252701,000000252701.jpg,outdoor,blazepose,low,100.0,16,17,70.4
41990,000000041990.jpg,outdoor,movenet,high,94.12,17,16,18.7
147729,000000147729.jpg,indoor,movenet,medium,40.0,5,3,18.5
552775,000000552775.jpg,indoor,movenet,low,100.0,3,6,18.2
41990,000000041990.jpg,outdoor,blazepose,medium,0.0,17,17,70.4
378673,000000378673.jpg,outdoor,movenet,medium,100.0,12,17,18.9
327605,000000327605.jpg,outdoor,blazepose,low,0.0,16,0,70.1
319100,000000319100.jpg,indoor,blazepose,high,100.0,14,17,70.4
331604,000000331604.jpg,outdoor,movenet,medium,84.62,13,15,18.6
348881,000000348881.jpg,outdoor,blazepose,low,0.0,13,0,9.7
426268,000000426268.jpg,outdoor,movenet,high,100.0,9,15,18.9
546717,000000546717.jpg,indoor,movenet,low,100.0,12,13,18.4
52996,000000052996.jpg,indoor,blazepose,medium,100.0,15,17,70.4
455597,000000455597.jpg,indoor,movenet,high,0.0,5,6,18.8
65350,000000065350.jpg,outdoor,blazepose,low,100.0,15,17,70.4
275058,000000275058.jpg,outdoor,movenet,high,91.67,12,14,18.7
546219,000000546219.jpg,indoor,movenet,low,0.0,9,7,18.8
515077,000000515077.jpg,indoor,movenet,medium,75.0,4,8,20.0
172617,000000172617.jpg,indoor,blazepose,medium,0.0,10,0,9.6
55528,000000055528.jpg,indoor,blazepose,high,100.0,10,17,70.9
110042,000000110042.jpg,indoor,blazepose,medium,0.0,10,0,9.2
319100,000000319100.jpg,indoor,movenet,low,78.57,14,13,19.1
450399,000000450399.jpg,indoor,blazepose,high,0.0,9,17,70.5
186042,000000186042.jpg,outdoor,blazepose,low,100.0,14,17,70.3
356248,000000356248.jpg,indoor,movenet,medium,0.0,9,12,18.5
231580,000000231580.jpg,indoor,blazepose,high,100.0,14,17,70.6
313034,000000313034.jpg,indoor,movenet,high,100.0,7,11,18.9
474854,000000474854.jpg,indoor,blazepose,low,100.0,10,17,70.6
381971,000000381971.jpg,outdoor,blazepose,high,0.0,8,17,70.3
397354,000000397354.jpg,indoor,blazepose,high,100.0,11,17,70.5
142620,000000142620.jpg,indoor,blazepose,medium,100.0,13,17,70.9
9772,000000009772.jpg,indoor,movenet,high,100.0,13,17,18.7
535306,000000535306.jpg,outdoor,movenet,high,66.67,3,4,18.7
455301,000000455301.jpg,indoor,movenet,high,100.0,10,14,18.5
274066,000000274066.jpg,outdoor,movenet,low,91.67,12,13,18.7
450399,000000450399.jpg,indoor,movenet,medium,100.0,9,12,18.4
256192,000000256192.jpg,outdoor,movenet,medium,0.0,13,11,18.5
432085,000000432085.jpg,indoor,blazepose,low,80.0,5,17,70.6
61747,000000061747.jpg,outdoor,blazepose,low,100.0,15,17,70.3
110784,000000110784.jpg,outdoor,blazepose,low,66.67,15,17,70.4
404805,000000404805.jpg,outdoor,movenet,high,88.89,9,11,18.8
179112,000000179112.jpg,indoor,movenet,high,100.0,8,8,18.4
426268,000000426268.jpg,outdoor,blazepose,medium,11.11,9,17,70.3
9772,000000009772.jpg,indoor,blazepose,low,0.0,13,0,9.3
458109,000000458109.jpg,outdoor,movenet,medium,0.0,2,0,18.6
326128,000000326128.jpg,outdoor,movenet,high,100.0,15,17,18.9
432553,000000432553.jpg,outdoor,blazepose,medium,0.0,3,0,9.4
504074,000000504074.jpg,indoor,blazepose,high,0.0,14,17,70.3
173302,000000173302.jpg,indoor,blazepose,high,0.0,7,0,70.1
364557,000000364557.jpg,outdoor,movenet,low,25.0,12,15,18.9
516173,000000516173.jpg,outdoor,blazepose,medium,100.0,13,17,70.2
16598,000000016598.jpg,indoor,movenet,high,100.0,10,10,18.6
284764,000000284764.jpg,indoor,blazepose,medium,100.0,8,17,70.5
318138,000000318138.jpg,indoor,blazepose,medium,9.09,11,17,70.3
537506,000000537506.jpg,outdoor,movenet,medium,100.0,10,15,18.7
296224,000000296224.jpg,outdoor,movenet,medium,0.0,4,14,18.3
170613,000000170613.jpg,outdoor,blazepose,medium,54.55,11,17,70.0
173008,000000173008.jpg,indoor,movenet,low,83.33,12,10,18.4
507473,000000507473.jpg,indoor,movenet,high,100.0,11,13,18.4
520910,000000520910.jpg,indoor,movenet,high,100.0,15,17,18.3
568584,000000568584.jpg,indoor,blazepose,medium,0.0,12,0,9.3
209530,000000209530.jpg,indoor,movenet,medium,90.0,10,11,18.5
341828,000000341828.jpg,indoor,blazepose,low,100.0,7,17,71.2
493864,000000493864.jpg,outdoor,blazepose,high,100.0,15,17,70.5
66231,000000066231.jpg,indoor,blazepose,medium,0.0,14,0,9.2
570756,000000570756.jpg,outdoor,movenet,high,100.0,13,17,18.9
356248,000000356248.jpg,indoor,movenet,low,0.0,9,11,18.5
492937,000000492937.jpg,outdoor,movenet,medium,100.0,6,10,18.4
499622,000000499622.jpg,outdoor,movenet,high,90.91,11,13,18.5
80932,000000080932.jpg,indoor,movenet,low,18.18,11,11,18.5
471893,000000471893.jpg,indoor,movenet,high,100.0,14,15,18.3
454067,000000454067.jpg,indoor,movenet,medium,88.89,9,12,18.2
570756,000000570756.jpg,outdoor,movenet,medium,100.0,13,17,18.7
156643,000000156643.jpg,indoor,movenet,low,90.91,11,12,18.6
450399,000000450399.jpg,indoor,movenet,high,100.0,9,12,18.4
291791,000000291791.jpg,outdoor,blazepose,high,0.0,7,0,9.6
402720,000000402720.jpg,indoor,blazepose,high,100.0,10,17,70.6
479126,000000479126.jpg,indoor,blazepose,high,0.0,15,17,70.4
190637,000000190637.jpg,indoor,blazepose,medium,100.0,5,17,70.5
296649,000000296649.jpg,outdoor,blazepose,low,0.0,13,0,9.2
301135,000000301135.jpg,outdoor,blazepose,low,20.0,15,17,70.4
213035,000000213035.jpg,indoor,movenet,medium,50.0,2,4,18.6
574315,000000574315.jpg,indoor,blazepose,high,0.0,2,0,9.5
489611,000000489611.jpg,indoor,blazepose,low,100.0,10,17,70.4
164602,000000164602.jpg,indoor,blazepose,high,91.67,12,17,70.6
512985,000000512985.jpg,outdoor,blazepose,low,100.0,14,17,90.7
515077,000000515077.jpg,indoor,blazepose,low,0.0,4,0,9.4
296224,000000296224.jpg,outdoor,blazepose,high,0.0,4,0,9.2
309655,000000309655.jpg,outdoor,blazepose,medium,100.0,13,17,70.1
504074,000000504074.jpg,indoor,blazepose,low,0.0,14,0,9.5
274066,000000274066.jpg,outdoor,blazepose,high,66.67,12,17,70.4
465549,000000465549.jpg,indoor,movenet,high,8.33,12,12,18.6
508101,000000508101.jpg,outdoor,movenet,low,0.0,13,17,18.3
122962,000000122962.jpg,indoor,blazepose,high,0.0,16,0,9.4
524456,000000524456.jpg,indoor,blazepose,medium,0.0,3,0,9.3
67213,000000067213.jpg,outdoor,blazepose,medium,0.0,8,0,9.3
15956,000000015956.jpg,indoor,blazepose,medium,0.0,13,0,9.1
500270,000000500270.jpg,outdoor,blazepose,medium,100.0,12,17,70.3
500257,000000500257.jpg,indoor,movenet,medium,0.0,13,16,18.5
147729,000000147729.jpg,indoor,blazepose,high,0.0,5,0,9.5
226662,000000226662.jpg,outdoor,movenet,medium,0.0,8,0,18.6
82085,000000082085.jpg,outdoor,movenet,high,86.67,15,15,18.5
6771,000000006771.jpg,indoor,blazepose,low,100.0,11,17,70.3
68093,000000068093.jpg,outdoor,blazepose,high,100.0,14,17,70.4
512985,000000512985.jpg,outdoor,movenet,high,92.86,14,16,18.9
552775,000000552775.jpg,indoor,blazepose,medium,100.0,3,17,70.5
341828,000000341828.jpg,indoor,blazepose,medium,100.0,7,17,70.5
196141,000000196141.jpg,outdoor,movenet,low,0.0,17,15,18.6
309655,000000309655.jpg,outdoor,movenet,high,100.0,13,17,18.4
193926,000000193926.jpg,outdoor,movenet,high,0.0,2,1,18.5
203389,000000203389.jpg,outdoor,blazepose,medium,16.67,12,17,70.2
82715,000000082715.jpg,outdoor,movenet,low,68.75,16,12,18.6
184978,000000184978.jpg,outdoor,blazepose,low,0.0,16,0,9.4
302452,000000302452.jpg,indoor,movenet,medium,0.0,8,8,17.6
61747,000000061747.jpg,outdoor,movenet,high,100.0,15,17,18.6
520910,000000520910.jpg,indoor,blazepose,high,100.0,15,17,70.4
500270,000000500270.jpg,outdoor,blazepose,low,100.0,12,17,70.2
325483,000000325483.jpg,indoor,movenet,medium,85.71,14,13,18.5
488592,000000488592.jpg,outdoor,blazepose,high,0.0,9,0,9.4
511599,000000511599.jpg,outdoor,movenet,high,0.0,13,16,18.5
192607,000000192607.jpg,outdoor,blazepose,medium,100.0,16,17,70.7
128699,000000128699.jpg,outdoor,movenet,medium,100.0,12,16,18.5
492937,000000492937.jpg,outdoor,blazepose,high,0.0,6,0,9.4
445722,000000445722.jpg,outdoor,movenet,low,100.0,2,6,17.5
209530,000000209530.jpg,indoor,movenet,high,90.0,10,11,18.4
437205,000000437205.jpg,indoor,blazepose,high,100.0,9,17,70.7
217872,000000217872.jpg,outdoor,blazepose,medium,100.0,16,17,70.3
455597,000000455597.jpg,indoor,blazepose,low,0.0,5,0,9.5
7088,000000007088.jpg,outdoor,movenet,low,100.0,17,17,18.7
448076,000000448076.jpg,indoor,movenet,low,93.75,16,16,18.3
471893,000000471893.jpg,indoor,blazepose,high,100.0,14,17,70.5
193926,000000193926.jpg,outdoor,blazepose,high,0.0,2,0,9.5
296224,000000296224.jpg,outdoor,movenet,low,0.0,4,6,18.9
326970,000000326970.jpg,indoor,movenet,low,100.0,15,17,18.1
554595,000000554595.jpg,outdoor,blazepose,medium,0.0,13,0,70.1
231508,000000231508.jpg,outdoor,movenet,high,80.0,15,14,18.9
159399,000000159399.jpg,outdoor,movenet,low,90.91,11,16,18.4
403584,000000403584.jpg,outdoor,blazepose,high,90.0,10,17,70.4
97988,000000097988.jpg,outdoor,blazepose,medium,100.0,16,17,70.2
313034,000000313034.jpg,indoor,blazepose,medium,100.0,7,17,70.5
455597,000000455597.jpg,indoor,blazepose,medium,0.0,5,0,9.2
493864,000000493864.jpg,outdoor,blazepose,medium,100.0,15,17,70.4
231580,000000231580.jpg,indoor,movenet,low,92.86,14,15,18.7
356387,000000356387.jpg,outdoor,movenet,medium,100.0,9,14,18.5
445834,000000445834.jpg,outdoor,blazepose,high,100.0,14,17,70.5
437205,000000437205.jpg,indoor,blazepose,medium,100.0,9,17,71.0
287347,000000287347.jpg,indoor,movenet,medium,90.91,11,13,18.8
59598,000000059598.jpg,indoor,movenet,medium,90.0,10,16,18.5
12280,000000012280.jpg,indoor,movenet,high,100.0,13,17,17.7
41990,000000041990.jpg,outdoor,movenet,low,94.12,17,16,18.6
437205,000000437205.jpg,indoor,movenet,low,88.89,9,9,18.5
540414,000000540414.jpg,outdoor,movenet,high,87.5,16,15,18.5
172617,000000172617.jpg,indoor,movenet,high,100.0,10,10,18.3
465179,000000465179.jpg,indoor,blazepose,high,100.0,12,17,70.1
344029,000000344029.jpg,outdoor,movenet,medium,0.0,7,0,18.8
388927,000000388927.jpg,indoor,movenet,medium,0.0,4,1,18.9
489611,000000489611.jpg,indoor,movenet,medium,80.0,10,8,19.5
254516,000000254516.jpg,outdoor,blazepose,medium,0.0,13,0,9.8
493864,000000493864.jpg,outdoor,movenet,high,100.0,15,17,19.5
435208,000000435208.jpg,indoor,movenet,low,78.57,14,12,18.6
180101,000000180101.jpg,indoor,movenet,low,18.18,11,12,18.8
532690,000000532690.jpg,indoor,movenet,high,100.0,12,13,18.7
476258,000000476258.jpg,outdoor,movenet,high,100.0,16,17,18.3
110784,000000110784.jpg,outdoor,movenet,medium,80.0,15,14,18.7
212453,000000212453.jpg,indoor,blazepose,medium,0.0,14,0,9.6
29397,000000029397.jpg,outdoor,blazepose,medium,0.0,2,0,9.7
394206,000000394206.jpg,outdoor,movenet,medium,93.75,16,16,19.6
314177,000000314177.jpg,indoor,movenet,low,100.0,15,16,19.2
254516,000000254516.jpg,outdoor,blazepose,high,0.0,13,0,9.6
177213,000000177213.jpg,indoor,blazepose,low,0.0,2,0,9.7
172617,000000172617.jpg,indoor,blazepose,low,0.0,10,0,9.7
317999,000000317999.jpg,indoor,blazepose,medium,100.0,5,17,73.0
511599,000000511599.jpg,outdoor,blazepose,medium,0.0,13,0,9.6
341828,000000341828.jpg,indoor,blazepose,high,100.0,7,17,72.7
348881,000000348881.jpg,outdoor,movenet,medium,100.0,13,17,19.7
397133,000000397133.jpg,indoor,blazepose,medium,0.0,13,0,10.0
243989,000000243989.jpg,outdoor,movenet,high,91.67,12,12,21.1
537270,000000537270.jpg,indoor,movenet,high,50.0,10,9,22.2
459954,000000459954.jpg,indoor,blazepose,medium,100.0,6,17,69.8
491090,000000491090.jpg,outdoor,blazepose,high,100.0,14,17,70.4
326970,000000326970.jpg,indoor,movenet,medium,100.0,15,16,18.9
481390,000000481390.jpg,outdoor,blazepose,high,0.0,17,0,9.5
13659,000000013659.jpg,indoor,blazepose,medium,0.0,15,17,70.2
6771,000000006771.jpg,indoor,blazepose,high,100.0,11,17,71.3
198489,000000198489.jpg,outdoor,movenet,medium,100.0,15,16,19.7
222118,000000222118.jpg,indoor,movenet,low,100.0,12,13,19.2
39785,000000039785.jpg,outdoor,blazepose,medium,100.0,16,17,72.7
291634,000000291634.jpg,outdoor,movenet,medium,93.33,15,16,19.3
520910,000000520910.jpg,indoor,blazepose,low,100.0,15,17,73.0
172617,000000172617.jpg,indoor,blazepose,high,100.0,10,17,71.1
425702,000000425702.jpg,outdoor,movenet,high,63.64,11,17,19.5
520910,000000520910.jpg,indoor,movenet,low,100.0,15,17,19.6
119365,000000119365.jpg,indoor,blazepose,medium,60.0,5,17,71.0
286422,000000286422.jpg,outdoor,blazepose,low,0.0,13,0,69.6
52996,000000052996.jpg,indoor,blazepose,low,100.0,15,17,70.5
256192,000000256192.jpg,outdoor,movenet,low,38.46,13,14,19.5
508101,000000508101.jpg,outdoor,movenet,medium,0.0,13,17,19.8
193926,000000193926.jpg,outdoor,movenet,medium,0.0,2,1,19.1
425221,000000425221.jpg,outdoor,blazepose,medium,100.0,8,17,70.6
229111,000000229111.jpg,indoor,movenet,medium,100.0,8,10,19.5
414385,000000414385.jpg,outdoor,blazepose,medium,100.0,16,17,70.4
213255,000000213255.jpg,outdoor,movenet,low,90.91,11,13,19.9
459954,000000459954.jpg,indoor,movenet,high,50.0,6,7,19.6
529148,000000529148.jpg,indoor,movenet,medium,18.18,11,3,20.8
450303,000000450303.jpg,indoor,movenet,medium,0.0,8,12,20.2
110042,000000110042.jpg,indoor,movenet,medium,70.0,10,11,20.0
402615,000000402615.jpg,outdoor,blazepose,low,0.0,13,0,10.3
52996,000000052996.jpg,indoor,blazepose,high,100.0,15,17,74.0
393056,000000393056.jpg,outdoor,blazepose,medium,100.0,11,17,71.5
314177,000000314177.jpg,indoor,movenet,high,100.0,15,16,19.8
182155,000000182155.jpg,indoor,movenet,high,90.0,10,11,19.1
233727,000000233727.jpg,outdoor,blazepose,high,0.0,16,0,9.8
464824,000000464824.jpg,outdoor,movenet,high,85.71,7,12,18.6
387916,000000387916.jpg,outdoor,blazepose,medium,0.0,12,0,9.2
156292,000000156292.jpg,indoor,blazepose,medium,0.0,16,17,71.3
448076,000000448076.jpg,indoor,blazepose,high,100.0,16,17,72.6
437331,000000437331.jpg,outdoor,movenet,low,73.33,15,14,19.7
164885,000000164885.jpg,outdoor,blazepose,medium,100.0,16,17,74.4
437331,000000437331.jpg,outdoor,blazepose,medium,0.0,15,0,9.8
448365,000000448365.jpg,outdoor,movenet,low,87.5,16,15,18.9
482585,000000482585.jpg,outdoor,blazepose,medium,0.0,11,0,9.4
320642,000000320642.jpg,indoor,blazepose,medium,84.62,13,17,74.3
109313,000000109313.jpg,indoor,movenet,high,100.0,14,16,19.4
12280,000000012280.jpg,indoor,blazepose,high,0.0,13,0,9.9
471893,000000471893.jpg,indoor,blazepose,medium,100.0,14,17,73.3
110042,000000110042.jpg,indoor,movenet,high,70.0,10,11,20.0
439994,000000439994.jpg,outdoor,blazepose,low,100.0,14,17,69.9
53626,000000053626.jpg,outdoor,blazepose,high,88.24,17,17,70.9
474854,000000474854.jpg,indoor,movenet,low,90.0,10,12,19.1
388927,000000388927.jpg,indoor,blazepose,high,0.0,4,0,9.5
419408,000000419408.jpg,outdoor,movenet,high,0.0,15,14,17.9
189752,000000189752.jpg,indoor,blazepose,low,0.0,6,0,9.4
227491,000000227491.jpg,outdoor,blazepose,medium,100.0,17,17,69.8
16598,000000016598.jpg,indoor,blazepose,low,100.0,10,17,69.8
170613,000000170613.jpg,outdoor,movenet,medium,45.45,11,15,18.7
572620,000000572620.jpg,outdoor,movenet,medium,0.0,16,15,18.0
83540,000000083540.jpg,outdoor,movenet,low,12.5,16,2,18.4
419408,000000419408.jpg,outdoor,blazepose,low,100.0,15,17,73.1
512985,000000512985.jpg,outdoor,blazepose,medium,100.0,14,17,70.2
459954,000000459954.jpg,indoor,blazepose,low,0.0,6,0,9.1
68628,000000068628.jpg,outdoor,blazepose,high,100.0,14,17,70.0
59635,000000059635.jpg,outdoor,blazepose,low,0.0,16,0,9.5
455624,000000455624.jpg,outdoor,blazepose,high,0.0,12,0,9.2
326128,000000326128.jpg,outdoor,movenet,medium,100.0,15,17,21.3
387916,000000387916.jpg,outdoor,movenet,high,0.0,12,14,21.7
484351,000000484351.jpg,indoor,blazepose,low,0.0,15,0,9.6
549390,000000549390.jpg,outdoor,movenet,low,100.0,15,16,43.7
138979,000000138979.jpg,outdoor,blazepose,medium,0.0,15,0,10.4
378284,000000378284.jpg,indoor,blazepose,medium,0.0,4,0,9.2
142620,000000142620.jpg,indoor,blazepose,low,100.0,13,17,71.3
473869,000000473869.jpg,indoor,movenet,low,91.67,12,12,19.6
364126,000000364126.jpg,outdoor,movenet,medium,100.0,15,17,19.3
495732,000000495732.jpg,indoor,blazepose,medium,87.5,16,17,71.7
259640,000000259640.jpg,outdoor,blazepose,low,0.0,12,17,70.7
138979,000000138979.jpg,outdoor,movenet,medium,0.0,15,15,19.0
427034,000000427034.jpg,indoor,movenet,low,0.0,1,0,18.3
196141,000000196141.jpg,outdoor,blazepose,high,0.0,17,17,70.7
190637,000000190637.jpg,indoor,movenet,medium,80.0,5,9,18.8
411754,000000411754.jpg,indoor,blazepose,high,0.0,12,17,71.4
251824,000000251824.jpg,indoor,movenet,high,0.0,2,1,18.5
447611,000000447611.jpg,indoor,blazepose,low,100.0,1,17,71.1
507473,000000507473.jpg,indoor,movenet,low,100.0,11,13,18.9
565853,000000565853.jpg,indoor,movenet,high,100.0,12,17,17.8
128699,000000128699.jpg,outdoor,blazepose,medium,100.0,12,17,69.9
41990,000000041990.jpg,outdoor,blazepose,high,0.0,17,17,69.8
116439,000000116439.jpg,outdoor,movenet,medium,90.0,10,11,18.8
420916,000000420916.jpg,outdoor,blazepose,high,100.0,7,17,70.4
170613,000000170613.jpg,outdoor,blazepose,low,54.55,11,17,69.7
520707,000000520707.jpg,indoor,blazepose,medium,23.08,13,17,69.9
465179,000000465179.jpg,indoor,blazepose,low,100.0,12,17,69.9
110784,000000110784.jpg,outdoor,blazepose,high,100.0,15,17,69.8
424551,000000424551.jpg,outdoor,blazepose,medium,100.0,15,17,69.7
479126,000000479126.jpg,indoor,movenet,high,100.0,15,16,18.9
426268,000000426268.jpg,outdoor,blazepose,high,0.0,9,0,9.4
147729,000000147729.jpg,indoor,blazepose,low,40.0,5,17,70.0
437331,000000437331.jpg,outdoor,movenet,high,66.67,15,13,19.1
182611,000000182611.jpg,indoor,blazepose,medium,100.0,11,17,70.8
154644,000000154644.jpg,indoor,blazepose,high,0.0,9,0,9.6
326128,000000326128.jpg,outdoor,blazepose,low,100.0,15,17,70.5
314177,000000314177.jpg,indoor,movenet,medium,100.0,15,16,19.5
497599,000000497599.jpg,indoor,blazepose,medium,100.0,9,17,71.9
325483,000000325483.jpg,indoor,blazepose,low,28.57,14,17,71.9
254516,000000254516.jpg,outdoor,movenet,high,7.69,13,13,19.8
53529,000000053529.jpg,outdoor,blazepose,medium,0.0,2,0,9.8
361919,000000361919.jpg,outdoor,movenet,low,85.71,14,15,20.2
254516,000000254516.jpg,outdoor,movenet,low,15.38,13,13,21.9
2261,000000002261.jpg,outdoor,blazepose,high,100.0,6,17,72.2
464824,000000464824.jpg,outdoor,movenet,low,71.43,7,10,19.9
280930,000000280930.jpg,indoor,blazepose,low,100.0,12,17,74.3
182611,000000182611.jpg,indoor,blazepose,high,100.0,11,17,73.7
135604,000000135604.jpg,outdoor,movenet,low,93.33,15,15,19.5
563882,000000563882.jpg,indoor,blazepose,high,0.0,5,0,10.0
180101,000000180101.jpg,indoor,movenet,medium,18.18,11,12,19.8
546717,000000546717.jpg,indoor,movenet,high,91.67,12,13,20.0
471893,000000471893.jpg,indoor,movenet,medium,100.0,14,15,20.9
474095,000000474095.jpg,indoor,movenet,low,93.75,16,16,19.9
182611,000000182611.jpg,indoor,movenet,high,81.82,11,11,19.9
274708,000000274708.jpg,outdoor,movenet,medium,0.0,12,17,18.8
572620,000000572620.jpg,outdoor,blazepose,medium,0.0,16,17,69.9
9772,000000009772.jpg,indoor,blazepose,medium,0.0,13,0,9.2
381360,000000381360.jpg,outdoor,blazepose,high,100.0,14,17,70.0
51314,000000051314.jpg,outdoor,movenet,high,100.0,14,15,18.4
30504,000000030504.jpg,outdoor,movenet,low,83.33,12,15,18.4
581062,000000581062.jpg,outdoor,blazepose,high,100.0,14,17,70.4
15597,000000015597.jpg,outdoor,blazepose,low,100.0,15,17,70.3
260261,000000260261.jpg,outdoor,blazepose,high,100.0,11,17,70.3
217872,000000217872.jpg,outdoor,movenet,medium,75.0,16,13,18.5
322724,000000322724.jpg,outdoor,blazepose,medium,100.0,14,17,70.2
280930,000000280930.jpg,indoor,blazepose,medium,100.0,12,17,70.4
426836,000000426836.jpg,outdoor,blazepose,low,0.0,12,0,9.5
222118,000000222118.jpg,indoor,movenet,high,100.0,12,12,18.9
68093,000000068093.jpg,outdoor,movenet,medium,92.86,14,15,18.4
416451,000000416451.jpg,indoor,movenet,low,0.0,12,15,18.6
322724,000000322724.jpg,outdoor,blazepose,low,100.0,14,17,70.2
358923,000000358923.jpg,indoor,movenet,low,100.0,10,10,18.3
55528,000000055528.jpg,indoor,blazepose,low,100.0,10,17,70.2
291791,000000291791.jpg,outdoor,movenet,high,100.0,7,8,19.1
170613,000000170613.jpg,outdoor,movenet,high,45.45,11,15,18.3
279278,000000279278.jpg,outdoor,blazepose,medium,0.0,11,0,9.4
491090,000000491090.jpg,outdoor,movenet,high,100.0,14,15,18.7
334399,000000334399.jpg,indoor,movenet,high,31.25,16,14,18.5
97337,000000097337.jpg,indoor,blazepose,high,0.0,8,0,9.5
154644,000000154644.jpg,indoor,movenet,medium,77.78,9,9,18.8
532690,000000532690.jpg,indoor,movenet,low,100.0,12,13,18.7
12280,000000012280.jpg,indoor,blazepose,low,0.0,13,0,9.4
284764,000000284764.jpg,indoor,movenet,low,87.5,8,8,18.5
393056,000000393056.jpg,outdoor,movenet,low,100.0,11,17,18.3
240250,000000240250.jpg,indoor,movenet,low,90.91,11,12,18.3
455301,000000455301.jpg,indoor,blazepose,low,100.0,10,17,69.9
482585,000000482585.jpg,outdoor,movenet,low,63.64,11,10,18.6
179112,000000179112.jpg,indoor,blazepose,medium,100.0,8,17,70.0
159399,000000159399.jpg,outdoor,blazepose,medium,0.0,11,0,69.5
364557,000000364557.jpg,outdoor,blazepose,medium,0.0,12,0,9.2
397354,000000397354.jpg,indoor,movenet,low,0.0,11,12,18.3
231508,000000231508.jpg,outdoor,movenet,low,93.33,15,16,18.7
13729,000000013729.jpg,indoor,movenet,low,93.75,16,15,18.6
455937,000000455937.jpg,indoor,blazepose,high,100.0,16,17,69.7
476258,000000476258.jpg,outdoor,blazepose,medium,100.0,16,17,72.3
546219,000000546219.jpg,indoor,blazepose,medium,0.0,9,17,72.4
190637,000000190637.jpg,indoor,blazepose,high,100.0,5,17,72.2
432553,000000432553.jpg,outdoor,blazepose,low,0.0,3,0,9.4
442746,000000442746.jpg,outdoor,blazepose,high,100.0,11,17,72.6
540414,000000540414.jpg,outdoor,blazepose,low,0.0,16,0,9.4
440475,000000440475.jpg,indoor,movenet,low,0.0,12,10,18.6
231508,000000231508.jpg,outdoor,blazepose,low,0.0,15,0,9.2
476258,000000476258.jpg,outdoor,movenet,low,100.0,16,17,19.0
234607,000000234607.jpg,indoor,movenet,medium,62.5,16,16,17.8
140987,000000140987.jpg,indoor,movenet,low,100.0,6,10,19.0
291791,000000291791.jpg,outdoor,movenet,low,85.71,7,7,18.4
448365,000000448365.jpg,outdoor,movenet,high,93.75,16,16,19.7
455624,000000455624.jpg,outdoor,movenet,medium,66.67,12,12,18.6
455937,000000455937.jpg,indoor,movenet,medium,100.0,16,16,18.6
221291,000000221291.jpg,outdoor,blazepose,low,100.0,12,17,71.0
402720,000000402720.jpg,indoor,movenet,high,70.0,10,11,19.0
445722,000000445722.jpg,outdoor,blazepose,low,0.0,2,0,9.2
35062,000000035062.jpg,indoor,movenet,high,0.0,3,0,18.7
455937,000000455937.jpg,indoor,movenet,low,81.25,16,13,18.2
179112,000000179112.jpg,indoor,blazepose,low,100.0,8,17,70.0
35062,000000035062.jpg,indoor,blazepose,high,0.0,3,0,9.2
173008,000000173008.jpg,indoor,blazepose,high,100.0,12,17,69.6
489611,000000489611.jpg,indoor,movenet,low,70.0,10,7,18.4
203389,000000203389.jpg,outdoor,blazepose,low,58.33,12,17,69.7
500257,000000500257.jpg,indoor,blazepose,high,0.0,13,17,69.6
192607,000000192607.jpg,outdoor,blazepose,low,0.0,16,0,9.3
572620,000000572620.jpg,outdoor,movenet,low,0.0,16,13,18.5
110784,000000110784.jpg,outdoor,blazepose,medium,93.33,15,17,69.4
259640,000000259640.jpg,outdoor,movenet,low,0.0,12,15,18.3
499622,000000499622.jpg,outdoor,movenet,low,100.0,11,15,18.1
332570,000000332570.jpg,indoor,blazepose,medium,0.0,1,0,9.1
182155,000000182155.jpg,indoor,blazepose,high,100.0,10,17,69.9
369442,000000369442.jpg,outdoor,blazepose,high,0.0,16,0,9.1
138979,000000138979.jpg,outdoor,blazepose,low,0.0,15,0,69.6
405195,000000405195.jpg,indoor,blazepose,low,0.0,3,0,9.2
327605,000000327605.jpg,outdoor,movenet,high,100.0,16,17,18.5
465549,000000465549.jpg,indoor,movenet,medium,8.33,12,12,18.4
213033,000000213033.jpg,outdoor,blazepose,high,100.0,13,17,70.1
302452,000000302452.jpg,indoor,movenet,high,0.0,8,8,19.7
258388,000000258388.jpg,outdoor,movenet,medium,0.0,15,15,19.5
537270,000000537270.jpg,indoor,blazepose,medium,100.0,10,17,72.3
227491,000000227491.jpg,outdoor,blazepose,low,100.0,17,17,69.6
156643,000000156643.jpg,indoor,movenet,high,100.0,11,17,19.4
345385,000000345385.jpg,indoor,movenet,low,75.0,8,10,18.5
51314,000000051314.jpg,outdoor,blazepose,high,100.0,14,17,69.7
481567,000000481567.jpg,outdoor,movenet,low,100.0,10,15,19.1
488592,000000488592.jpg,outdoor,movenet,medium,100.0,9,17,18.6
80932,000000080932.jpg,indoor,blazepose,high,0.0,11,0,9.4
450303,000000450303.jpg,indoor,movenet,high,0.0,8,12,19.0
345385,000000345385.jpg,indoor,movenet,medium,62.5,8,9,18.7
447611,000000447611.jpg,indoor,blazepose,medium,0.0,1,0,9.6
156292,000000156292.jpg,indoor,movenet,low,0.0,16,17,18.7
55528,000000055528.jpg,indoor,movenet,medium,100.0,10,14,18.7
466125,000000466125.jpg,indoor,movenet,high,100.0,13,13,18.6
524456,000000524456.jpg,indoor,movenet,low,66.67,3,4,18.6
437205,000000437205.jpg,indoor,movenet,high,88.89,9,9,19.1
450399,000000450399.jpg,indoor,movenet,low,100.0,9,12,18.9
448365,000000448365.jpg,outdoor,blazepose,medium,100.0,16,17,71.2
284764,000000284764.jpg,indoor,movenet,high,87.5,8,8,18.8
6460,000000006460.jpg,outdoor,blazepose,medium,0.0,14,0,9.3
2261,000000002261.jpg,outdoor,blazepose,medium,100.0,6,17,70.5
6771,000000006771.jpg,indoor,movenet,medium,72.73,11,8,18.7
345397,000000345397.jpg,indoor,movenet,high,100.0,5,9,18.3
251824,000000251824.jpg,indoor,movenet,medium,0.0,2,1,18.9
12280,000000012280.jpg,indoor,movenet,medium,100.0,13,17,18.3
570756,000000570756.jpg,outdoor,blazepose,medium,0.0,13,0,9.5
12576,000000012576.jpg,indoor,movenet,medium,100.0,4,8,18.2
550349,000000550349.jpg,outdoor,blazepose,medium,71.43,14,17,72.3
116439,000000116439.jpg,outdoor,blazepose,medium,100.0,10,17,76.0
333745,000000333745.jpg,outdoor,movenet,high,100.0,16,17,19.4
190637,000000190637.jpg,indoor,blazepose,low,100.0,5,17,71.3
437331,000000437331.jpg,outdoor,movenet,medium,66.67,15,13,18.7
411754,000000411754.jpg,indoor,movenet,medium,58.33,12,17,18.6
427034,000000427034.jpg,indoor,movenet,high,0.0,1,6,53.3
397133,000000397133.jpg,indoor,blazepose,high,100.0,13,17,70.8
411754,000000411754.jpg,indoor,movenet,high,58.33,12,17,18.7
439994,000000439994.jpg,outdoor,movenet,medium,92.86,14,15,19.0
273232,000000273232.jpg,outdoor,blazepose,low,0.0,14,0,9.4
333745,000000333745.jpg,outdoor,blazepose,medium,0.0,16,17,70.8
313034,000000313034.jpg,indoor,movenet,medium,100.0,7,11,20.7
35062,000000035062.jpg,indoor,blazepose,low,0.0,3,0,9.6
256192,000000256192.jpg,outdoor,blazepose,low,0.0,13,0,9.2
420916,000000420916.jpg,outdoor,blazepose,medium,100.0,7,17,69.9
182155,000000182155.jpg,indoor,movenet,medium,90.0,10,11,18.6
491090,000000491090.jpg,outdoor,blazepose,low,100.0,14,17,70.1
154644,000000154644.jpg,indoor,movenet,low,66.67,9,7,19.0
535306,000000535306.jpg,outdoor,blazepose,medium,0.0,3,0,72.3
481390,000000481390.jpg,outdoor,movenet,high,0.0,17,17,19.6
520707,000000520707.jpg,indoor,movenet,low,0.0,13,13,19.2
53529,000000053529.jpg,outdoor,movenet,medium,50.0,2,4,19.8
59598,000000059598.jpg,indoor,blazepose,high,0.0,10,0,9.7
537270,000000537270.jpg,indoor,movenet,medium,50.0,10,9,19.7
571857,000000571857.jpg,outdoor,blazepose,medium,0.0,17,0,9.5
16228,000000016228.jpg,outdoor,movenet,high,0.0,12,14,19.3
378673,000000378673.jpg,outdoor,movenet,low,91.67,12,16,19.7
58393,000000058393.jpg,outdoor,blazepose,high,0.0,2,0,9.7
16598,000000016598.jpg,indoor,blazepose,medium,100.0,10,17,72.6
329219,000000329219.jpg,indoor,blazepose,medium,100.0,12,17,71.1
291634,000000291634.jpg,outdoor,movenet,high,93.33,15,16,19.1
122672,000000122672.jpg,outdoor,movenet,high,100.0,11,17,18.2
156292,000000156292.jpg,indoor,blazepose,high,0.0,16,0,9.4
464824,000000464824.jpg,outdoor,blazepose,low,0.0,7,0,9.1
278973,000000278973.jpg,outdoor,movenet,low,85.71,14,12,19.2
2261,000000002261.jpg,outdoor,blazepose,low,0.0,6,0,70.6
574315,000000574315.jpg,indoor,movenet,low,50.0,2,2,19.0
186042,000000186042.jpg,outdoor,blazepose,high,100.0,14,17,70.6
180101,000000180101.jpg,indoor,blazepose,low,9.09,11,17,70.7
512985,000000512985.jpg,outdoor,movenet,low,92.86,14,16,18.7
520910,000000520910.jpg,indoor,blazepose,medium,100.0,15,17,69.7
29397,000000029397.jpg,outdoor,movenet,medium,0.0,2,0,18.6
138979,000000138979.jpg,outdoor,movenet,low,86.67,15,17,18.3
212453,000000212453.jpg,indoor,blazepose,high,0.0,14,0,9.3
414385,000000414385.jpg,outdoor,blazepose,high,100.0,16,17,69.8
250901,000000250901.jpg,indoor,blazepose,low,0.0,4,0,9.3
128699,000000128699.jpg,outdoor,movenet,low,100.0,12,14,18.6
420916,000000420916.jpg,outdoor,movenet,low,0.0,7,10,18.2
221291,000000221291.jpg,outdoor,movenet,medium,100.0,12,13,18.1
273232,000000273232.jpg,outdoor,blazepose,high,100.0,14,17,69.7
243867,000000243867.jpg,outdoor,blazepose,low,0.0,4,0,9.3
82085,000000082085.jpg,outdoor,blazepose,high,100.0,15,17,69.6
86956,000000086956.jpg,indoor,movenet,high,83.33,12,10,18.3
15597,000000015597.jpg,outdoor,movenet,low,100.0,15,17,18.1
440475,000000440475.jpg,indoor,movenet,high,100.0,12,15,18.2
394940,000000394940.jpg,indoor,blazepose,high,100.0,8,17,69.9
156643,000000156643.jpg,indoor,blazepose,low,0.0,11,0,9.3
565853,000000565853.jpg,indoor,movenet,medium,100.0,12,17,18.7
318138,000000318138.jpg,indoor,movenet,low,18.18,11,12,18.6
402615,000000402615.jpg,outdoor,movenet,medium,100.0,13,17,18.2
68628,000000068628.jpg,outdoor,blazepose,medium,100.0,14,17,70.0
366884,000000366884.jpg,indoor,movenet,low,100.0,11,17,19.1
535306,000000535306.jpg,outdoor,movenet,low,66.67,3,4,18.4
381360,000000381360.jpg,outdoor,movenet,low,85.71,14,15,19.2
213255,000000213255.jpg,outdoor,blazepose,medium,100.0,11,17,72.2
376625,000000376625.jpg,outdoor,movenet,high,0.0,14,17,19.0
445834,000000445834.jpg,outdoor,movenet,medium,92.86,14,15,18.6
381971,000000381971.jpg,outdoor,blazepose,medium,0.0,8,17,69.7
289222,000000289222.jpg,outdoor,movenet,medium,0.0,5,10,18.5
381971,000000381971.jpg,outdoor,movenet,medium,87.5,8,12,18.5
173008,000000173008.jpg,indoor,movenet,high,91.67,12,11,18.2
260470,000000260470.jpg,outdoor,movenet,medium,77.78,9,10,18.1
394940,000000394940.jpg,indoor,blazepose,low,100.0,8,17,71.6
278973,000000278973.jpg,outdoor,movenet,high,92.86,14,13,18.8
256775,000000256775.jpg,outdoor,blazepose,low,0.0,16,0,9.3
549390,000000549390.jpg,outdoor,blazepose,low,100.0,15,17,71.3
389684,000000389684.jpg,outdoor,blazepose,high,0.0,14,0,9.7
568814,000000568814.jpg,indoor,movenet,high,100.0,7,11,18.9
251824,000000251824.jpg,indoor,movenet,low,0.0,2,2,17.9
58393,000000058393.jpg,outdoor,movenet,high,100.0,2,4,18.4
217872,000000217872.jpg,outdoor,blazepose,high,100.0,16,17,70.3
311180,000000311180.jpg,indoor,blazepose,medium,0.0,1,0,9.2
12576,000000012576.jpg,indoor,blazepose,high,100.0,4,17,70.2
381360,000000381360.jpg,outdoor,blazepose,medium,100.0,14,17,69.6
437331,000000437331.jpg,outdoor,blazepose,high,0.0,15,0,69.4
322724,000000322724.jpg,outdoor,movenet,high,100.0,14,17,19.2
284764,000000284764.jpg,indoor,movenet,medium,87.5,8,8,18.6
341469,000000341469.jpg,outdoor,movenet,low,100.0,17,17,18.2
329219,000000329219.jpg,indoor,movenet,high,91.67,12,16,18.9
16228,000000016228.jpg,outdoor,blazepose,medium,0.0,12,0,70.2
455624,000000455624.jpg,outdoor,movenet,low,83.33,12,12,18.6
402720,000000402720.jpg,indoor,movenet,medium,70.0,10,11,18.3
464824,000000464824.jpg,outdoor,blazepose,medium,85.71,7,17,70.2
317999,000000317999.jpg,indoor,movenet,medium,100.0,5,9,18.7
389684,000000389684.jpg,outdoor,movenet,medium,92.86,14,16,18.1
529148,000000529148.jpg,indoor,blazepose,medium,100.0,11,17,70.4
135604,000000135604.jpg,outdoor,movenet,medium,93.33,15,15,19.5
332570,000000332570.jpg,indoor,movenet,low,0.0,1,0,18.1
493864,000000493864.jpg,outdoor,movenet,low,100.0,15,17,18.3
458109,000000458109.jpg,outdoor,blazepose,medium,0.0,2,0,9.2
329219,000000329219.jpg,indoor,blazepose,low,33.33,12,17,70.1
497344,000000497344.jpg,indoor,movenet,medium,100.0,7,8,18.6
566282,000000566282.jpg,outdoor,blazepose,high,0.0,15,17,70.4
361919,000000361919.jpg,outdoor,blazepose,medium,0.0,14,17,69.7
516173,000000516173.jpg,outdoor,movenet,high,92.31,13,15,19.0
325483,000000325483.jpg,indoor,blazepose,high,100.0,14,17,70.2
334399,000000334399.jpg,indoor,movenet,medium,31.25,16,14,18.9
58393,000000058393.jpg,outdoor,blazepose,medium,0.0,2,0,9.3
243867,000000243867.jpg,outdoor,movenet,high,0.0,4,0,18.8
212453,000000212453.jpg,indoor,movenet,low,0.0,14,0,18.3
12576,000000012576.jpg,indoor,blazepose,low,0.0,4,17,70.5
497344,000000497344.jpg,indoor,blazepose,medium,100.0,7,17,70.6
549390,000000549390.jpg,outdoor,movenet,high,100.0,15,16,19.0
474854,000000474854.jpg,indoor,blazepose,high,100.0,10,17,70.5
376322,000000376322.jpg,indoor,blazepose,low,0.0,7,0,9.3
464824,000000464824.jpg,outdoor,blazepose,high,0.0,7,0,9.4
504074,000000504074.jpg,indoor,movenet,low,7.14,14,14,18.6
212453,000000212453.jpg,indoor,movenet,high,0.0,14,0,18.6
86956,000000086956.jpg,indoor,movenet,low,0.0,12,11,18.3
274708,000000274708.jpg,outdoor,movenet,low,100.0,12,17,18.4
226662,000000226662.jpg,outdoor,movenet,high,0.0,8,0,20.1
68093,000000068093.jpg,outdoor,blazepose,low,100.0,14,17,70.3
82715,000000082715.jpg,outdoor,blazepose,high,93.75,16,17,70.3
347265,000000347265.jpg,outdoor,blazepose,high,0.0,16,0,9.2
150417,000000150417.jpg,indoor,movenet,low,100.0,11,14,19.0
91500,000000091500.jpg,indoor,movenet,medium,86.67,15,13,18.4
227491,000000227491.jpg,outdoor,blazepose,high,100.0,17,17,70.6
425702,000000425702.jpg,outdoor,movenet,low,63.64,11,9,18.6
59598,000000059598.jpg,indoor,blazepose,low,0.0,10,0,70.2
83540,000000083540.jpg,outdoor,movenet,high,43.75,16,7,18.7
287347,000000287347.jpg,indoor,movenet,high,90.91,11,13,18.4
499622,000000499622.jpg,outdoor,blazepose,medium,100.0,11,17,70.2
482585,000000482585.jpg,outdoor,blazepose,high,0.0,11,0,9.5
388927,000000388927.jpg,indoor,movenet,low,0.0,4,1,18.9
546219,000000546219.jpg,indoor,movenet,high,0.0,9,11,18.3
565853,000000565853.jpg,indoor,movenet,low,91.67,12,14,18.5
67213,000000067213.jpg,outdoor,movenet,low,12.5,8,3,18.3
426836,000000426836.jpg,outdoor,movenet,low,100.0,12,17,18.5
280930,000000280930.jpg,indoor,movenet,high,100.0,12,15,18.4
516173,000000516173.jpg,outdoor,movenet,medium,92.31,13,15,18.5
193926,000000193926.jpg,outdoor,blazepose,low,0.0,2,0,70.2
15597,000000015597.jpg,outdoor,blazepose,high,100.0,15,17,70.4
488592,000000488592.jpg,outdoor,movenet,high,100.0,9,17,18.8
287347,000000287347.jpg,indoor,movenet,low,100.0,11,15,18.5
260470,000000260470.jpg,outdoor,movenet,high,77.78,9,10,18.7
16598,000000016598.jpg,indoor,movenet,medium,100.0,10,10,18.1
66771,000000066771.jpg,indoor,movenet,medium,100.0,9,12,18.4
336209,000000336209.jpg,outdoor,movenet,medium,92.86,14,16,18.5
361919,000000361919.jpg,outdoor,movenet,medium,0.0,14,17,18.4
82715,000000082715.jpg,outdoor,movenet,medium,87.5,16,15,18.4
403584,000000403584.jpg,outdoor,movenet,high,80.0,10,14,18.9
470779,000000470779.jpg,outdoor,blazepose,low,0.0,16,0,9.2
289222,000000289222.jpg,outdoor,blazepose,low,100.0,5,17,70.3
189752,000000189752.jpg,indoor,movenet,medium,33.33,6,11,18.7
425702,000000425702.jpg,outdoor,blazepose,low,0.0,11,0,9.3
110784,000000110784.jpg,outdoor,movenet,high,80.0,15,14,18.3
164602,000000164602.jpg,indoor,blazepose,low,91.67,12,17,71.3
118921,000000118921.jpg,outdoor,blazepose,high,100.0,17,17,70.1
427034,000000427034.jpg,indoor,blazepose,medium,0.0,1,0,9.4
381360,000000381360.jpg,outdoor,blazepose,low,100.0,14,17,70.3
287347,000000287347.jpg,indoor,blazepose,low,100.0,11,17,70.4
140987,000000140987.jpg,indoor,blazepose,low,100.0,6,17,70.3
55528,000000055528.jpg,indoor,movenet,high,100.0,10,14,18.8
435208,000000435208.jpg,indoor,blazepose,medium,0.0,14,0,9.3
243867,000000243867.jpg,outdoor,blazepose,high,0.0,4,0,9.2
150417,000000150417.jpg,indoor,blazepose,low,100.0,11,17,70.4
347265,000000347265.jpg,outdoor,movenet,high,100.0,16,17,18.8
147729,000000147729.jpg,indoor,movenet,high,40.0,5,3,18.3
416451,000000416451.jpg,indoor,blazepose,medium,100.0,12,17,70.3
387916,000000387916.jpg,outdoor,movenet,low,0.0,12,14,18.5
121242,000000121242.jpg,outdoor,blazepose,medium,0.0,15,0,20.4
318138,000000318138.jpg,indoor,movenet,medium,36.36,11,14,27.5
66771,000000066771.jpg,indoor,blazepose,medium,100.0,9,17,70.6
229111,000000229111.jpg,indoor,blazepose,high,100.0,8,17,70.4
6460,000000006460.jpg,outdoor,movenet,medium,35.71,14,5,18.6
172617,000000172617.jpg,indoor,movenet,medium,100.0,10,10,18.4
376322,000000376322.jpg,indoor,movenet,high,28.57,7,13,18.5
313034,000000313034.jpg,indoor,blazepose,low,100.0,7,17,70.5
29397,000000029397.jpg,outdoor,blazepose,low,0.0,2,0,10.0
426268,000000426268.jpg,outdoor,blazepose,low,0.0,9,0,9.4
405195,000000405195.jpg,indoor,movenet,high,0.0,3,0,18.5
540414,000000540414.jpg,outdoor,blazepose,medium,0.0,16,17,70.5
97337,000000097337.jpg,indoor,movenet,low,62.5,8,12,18.7
507473,000000507473.jpg,indoor,blazepose,high,100.0,11,17,70.4
231580,000000231580.jpg,indoor,movenet,high,85.71,14,14,18.9
492937,000000492937.jpg,outdoor,blazepose,medium,0.0,6,0,9.6
260470,000000260470.jpg,outdoor,blazepose,medium,0.0,9,0,9.1
59635,000000059635.jpg,outdoor,blazepose,medium,0.0,16,17,70.2
214720,000000214720.jpg,indoor,movenet,high,100.0,11,13,18.2
334399,000000334399.jpg,indoor,blazepose,high,6.25,16,17,70.2
16228,000000016228.jpg,outdoor,movenet,medium,0.0,12,14,18.6
177213,000000177213.jpg,indoor,movenet,low,100.0,2,3,18.5
256775,000000256775.jpg,outdoor,movenet,low,93.75,16,16,18.4
476258,000000476258.jpg,outdoor,blazepose,low,100.0,16,17,70.1
151000,000000151000.jpg,indoor,movenet,high,0.0,15,15,18.6
546717,000000546717.jpg,indoor,blazepose,low,100.0,12,17,70.3
319100,000000319100.jpg,indoor,blazepose,low,92.86,14,17,70.2
442746,000000442746.jpg,outdoor,blazepose,medium,100.0,11,17,70.3
465549,000000465549.jpg,indoor,blazepose,medium,100.0,12,17,70.3
15956,000000015956.jpg,indoor,blazepose,low,0.0,13,0,70.1
82715,000000082715.jpg,outdoor,movenet,high,87.5,16,15,19.0
142620,000000142620.jpg,indoor,movenet,medium,92.31,13,13,18.2
84270,000000084270.jpg,indoor,blazepose,low,61.54,13,17,70.5
424551,000000424551.jpg,outdoor,movenet,high,100.0,15,17,18.5
516173,000000516173.jpg,outdoor,movenet,low,100.0,13,15,18.4
467176,000000467176.jpg,indoor,blazepose,high,100.0,10,17,70.4
559543,000000559543.jpg,indoor,movenet,high,100.0,11,14,18.7
156292,000000156292.jpg,indoor,blazepose,low,0.0,16,0,9.2
109313,000000109313.jpg,indoor,movenet,low,100.0,14,16,17.9
97988,000000097988.jpg,outdoor,movenet,low,100.0,16,17,18.3
347265,000000347265.jpg,outdoor,movenet,low,100.0,16,17,18.2
504074,000000504074.jpg,indoor,movenet,high,7.14,14,14,18.7
66771,000000066771.jpg,indoor,movenet,high,100.0,9,12,18.5
212453,000000212453.jpg,indoor,movenet,medium,0.0,14,0,18.3
122962,000000122962.jpg,indoor,blazepose,medium,0.0,16,17,70.1
198489,000000198489.jpg,outdoor,blazepose,low,100.0,15,17,70.5
226662,000000226662.jpg,outdoor,movenet,low,0.0,8,3,18.6
398377,000000398377.jpg,indoor,blazepose,medium,26.67,15,17,70.4
286422,000000286422.jpg,outdoor,movenet,high,100.0,13,17,18.8
121242,000000121242.jpg,outdoor,movenet,low,66.67,15,12,18.3
366884,000000366884.jpg,indoor,blazepose,low,0.0,11,0,9.3
84270,000000084270.jpg,indoor,blazepose,high,0.0,13,0,9.2
291634,000000291634.jpg,outdoor,blazepose,low,0.0,15,0,9.3
251824,000000251824.jpg,indoor,blazepose,low,0.0,2,0,9.2
82812,000000082812.jpg,outdoor,movenet,low,100.0,14,16,18.4
256192,000000256192.jpg,outdoor,blazepose,medium,0.0,13,0,9.4
356387,000000356387.jpg,outdoor,movenet,high,100.0,9,14,18.6
497344,000000497344.jpg,indoor,movenet,high,100.0,7,8,18.3
12576,000000012576.jpg,indoor,movenet,high,100.0,4,8,18.4
361919,000000361919.jpg,outdoor,blazepose,low,0.0,14,0,70.3
58393,000000058393.jpg,outdoor,blazepose,low,0.0,2,0,9.4
23359,000000023359.jpg,outdoor,movenet,low,100.0,17,17,18.4
243989,000000243989.jpg,outdoor,movenet,low,83.33,12,11,17.6
30504,000000030504.jpg,outdoor,blazepose,medium,100.0,12,17,70.3
59598,000000059598.jpg,indoor,movenet,high,90.0,10,16,18.5
297084,000000297084.jpg,indoor,movenet,medium,100.0,8,12,17.7
440475,000000440475.jpg,indoor,blazepose,high,0.0,12,17,70.3
470779,000000470779.jpg,outdoor,blazepose,high,100.0,16,17,71.0
186042,000000186042.jpg,outdoor,movenet,medium,85.71,14,14,18.5
445722,000000445722.jpg,outdoor,blazepose,high,0.0,2,0,70.4
361919,000000361919.jpg,outdoor,movenet,high,0.0,14,17,18.8
516173,000000516173.jpg,outdoor,blazepose,high,100.0,13,17,70.4
297084,000000297084.jpg,indoor,blazepose,low,100.0,8,17,70.5
419408,000000419408.jpg,outdoor,blazepose,medium,100.0,15,17,70.5
12576,000000012576.jpg,indoor,blazepose,medium,100.0,4,17,70.3
260261,000000260261.jpg,outdoor,movenet,medium,100.0,11,16,18.5
393056,000000393056.jpg,outdoor,movenet,medium,100.0,11,17,18.4
387916,000000387916.jpg,outdoor,movenet,medium,0.0,12,14,18.1
394940,000000394940.jpg,indoor,movenet,high,100.0,8,11,18.8
243867,000000243867.jpg,outdoor,movenet,low,0.0,4,15,18.6
341469,000000341469.jpg,outdoor,blazepose,high,100.0,17,17,70.7
173008,000000173008.jpg,indoor,blazepose,low,100.0,12,17,70.6
282298,000000282298.jpg,indoor,movenet,high,0.0,15,12,18.2
488592,000000488592.jpg,outdoor,blazepose,medium,100.0,9,17,70.3
465549,000000465549.jpg,indoor,movenet,low,16.67,12,13,18.5
571857,000000571857.jpg,outdoor,movenet,high,0.0,17,17,18.3
568814,000000568814.jpg,indoor,movenet,medium,100.0,7,11,18.6
566282,000000566282.jpg,outdoor,movenet,high,0.0,15,17,18.4
568584,000000568584.jpg,indoor,movenet,high,8.33,12,11,18.4
82812,000000082812.jpg,outdoor,movenet,medium,7.14,14,10,18.4
80932,000000080932.jpg,indoor,blazepose,medium,0.0,11,0,9.7
311303,000000311303.jpg,indoor,blazepose,medium,0.0,1,0,9.2
222118,000000222118.jpg,indoor,movenet,medium,100.0,12,12,18.4
315492,000000315492.jpg,indoor,movenet,medium,100.0,4,11,17.7
233727,000000233727.jpg,outdoor,movenet,high,93.75,16,16,17.6
41990,000000041990.jpg,outdoor,movenet,medium,94.12,17,16,18.3
454067,000000454067.jpg,indoor,movenet,low,77.78,9,10,18.2
297084,000000297084.jpg,indoor,blazepose,medium,100.0,8,17,70.6
458109,000000458109.jpg,outdoor,movenet,low,0.0,2,0,18.7
122962,000000122962.jpg,indoor,movenet,high,56.25,16,11,18.3
473869,000000473869.jpg,indoor,blazepose,medium,100.0,12,17,71.0
301135,000000301135.jpg,outdoor,movenet,high,6.67,15,17,18.6
364126,000000364126.jpg,outdoor,movenet,high,100.0,15,17,18.1
341469,000000341469.jpg,outdoor,movenet,medium,100.0,17,17,18.3
512985,000000512985.jpg,outdoor,movenet,medium,92.86,14,16,18.1
86956,000000086956.jpg,indoor,blazepose,medium,0.0,12,0,70.2
511599,000000511599.jpg,outdoor,movenet,low,0.0,13,17,18.5
499622,000000499622.jpg,outdoor,blazepose,high,100.0,11,17,70.2
546717,000000546717.jpg,indoor,movenet,medium,91.67,12,13,18.7
497599,000000497599.jpg,indoor,movenet,low,100.0,9,12,18.4
465179,000000465179.jpg,indoor,movenet,medium,100.0,12,13,18.1
465549,000000465549.jpg,indoor,blazepose,low,100.0,12,17,70.2
296224,000000296224.jpg,outdoor,blazepose,medium,0.0,4,0,70.1
482585,000000482585.jpg,outdoor,movenet,high,100.0,11,17,18.7
16228,000000016228.jpg,outdoor,blazepose,low,0.0,12,0,9.2
296649,000000296649.jpg,outdoor,movenet,low,100.0,13,15,18.6
581062,000000581062.jpg,outdoor,movenet,high,100.0,14,17,18.4
435208,000000435208.jpg,indoor,movenet,high,85.71,14,13,18.4
12280,000000012280.jpg,indoor,movenet,low,100.0,13,17,18.4
201426,000000201426.jpg,indoor,blazepose,medium,0.0,10,17,70.7
52996,000000052996.jpg,indoor,movenet,high,0.0,15,9,18.6
179112,000000179112.jpg,indoor,movenet,low,87.5,8,8,18.1
222118,000000222118.jpg,indoor,blazepose,medium,100.0,12,17,71.2
550349,000000550349.jpg,outdoor,movenet,low,71.43,14,16,18.5
416451,000000416451.jpg,indoor,movenet,medium,0.0,12,15,18.3
302452,000000302452.jpg,indoor,blazepose,medium,0.0,8,17,70.2
559543,000000559543.jpg,indoor,blazepose,high,100.0,11,17,71.0
196141,000000196141.jpg,outdoor,blazepose,low,0.0,17,17,70.5
252701,000000252701.jpg,outdoor,movenet,low,100.0,16,16,18.6
311303,000000311303.jpg,indoor,movenet,medium,100.0,1,1,18.1
291791,000000291791.jpg,outdoor,blazepose,low,0.0,7,0,9.4
243989,000000243989.jpg,outdoor,movenet,medium,91.67,12,12,18.4
279278,000000279278.jpg,outdoor,movenet,high,27.27,11,9,18.6
301135,000000301135.jpg,outdoor,blazepose,medium,13.33,15,17,70.4
565853,000000565853.jpg,indoor,blazepose,low,100.0,12,17,70.3
67213,000000067213.jpg,outdoor,movenet,high,87.5,8,7,18.7
39785,000000039785.jpg,outdoor,movenet,high,100.0,16,17,18.5
402720,000000402720.jpg,indoor,blazepose,low,0.0,10,0,9.3
376322,000000376322.jpg,indoor,movenet,medium,28.57,7,13,18.3
309655,000000309655.jpg,outdoor,blazepose,high,100.0,13,17,70.4
465179,000000465179.jpg,indoor,movenet,high,100.0,12,13,18.5
364126,000000364126.jpg,outdoor,blazepose,medium,100.0,15,17,70.2
355257,000000355257.jpg,indoor,blazepose,high,100.0,10,17,70.3
571857,000000571857.jpg,outdoor,movenet,low,0.0,17,17,18.7
289222,000000289222.jpg,outdoor,blazepose,high,0.0,5,0,9.3
80932,000000080932.jpg,indoor,blazepose,low,0.0,11,0,9.2
495732,000000495732.jpg,indoor,movenet,medium,100.0,16,17,18.5
425221,000000425221.jpg,outdoor,movenet,low,87.5,8,13,17.4
455624,000000455624.jpg,outdoor,movenet,high,66.67,12,12,18.4
358923,000000358923.jpg,indoor,blazepose,high,100.0,10,17,70.7
403584,000000403584.jpg,outdoor,movenet,medium,80.0,10,14,18.6
55528,000000055528.jpg,indoor,movenet,low,100.0,10,14,18.3
29397,000000029397.jpg,outdoor,movenet,low,0.0,2,0,18.2
420916,000000420916.jpg,outdoor,blazepose,low,100.0,7,17,70.4
467176,000000467176.jpg,indoor,movenet,high,0.0,10,10,18.7
463730,000000463730.jpg,outdoor,blazepose,medium,100.0,16,17,70.1
348881,000000348881.jpg,outdoor,blazepose,medium,0.0,13,0,9.6
479126,000000479126.jpg,indoor,blazepose,low,100.0,15,17,70.4
572620,000000572620.jpg,outdoor,blazepose,low,0.0,16,17,70.3
381360,000000381360.jpg,outdoor,movenet,high,92.86,14,16,18.8
35062,000000035062.jpg,indoor,movenet,low,0.0,3,0,18.2
464824,000000464824.jpg,outdoor,movenet,medium,85.71,7,12,18.5
398377,000000398377.jpg,indoor,blazepose,high,33.33,15,17,70.4
465549,000000465549.jpg,indoor,blazepose,high,100.0,12,17,70.3
435208,000000435208.jpg,indoor,movenet,medium,85.71,14,13,18.6
297084,000000297084.jpg,indoor,movenet,low,100.0,8,13,42.8
432553,000000432553.jpg,outdoor,movenet,high,66.67,3,4,19.8
135604,000000135604.jpg,outdoor,blazepose,low,100.0,15,17,70.3
261318,000000261318.jpg,indoor,movenet,low,76.92,13,12,18.7
388927,000000388927.jpg,indoor,blazepose,low,0.0,4,17,70.3
198489,000000198489.jpg,outdoor,movenet,low,100.0,15,17,18.7
378673,000000378673.jpg,outdoor,blazepose,medium,100.0,12,17,70.2
376625,000000376625.jpg,outdoor,blazepose,low,0.0,14,0,9.3
325483,000000325483.jpg,indoor,movenet,high,85.71,14,13,18.9
442746,000000442746.jpg,outdoor,movenet,low,100.0,11,16,18.3
273232,000000273232.jpg,outdoor,blazepose,medium,100.0,14,17,70.3
450303,000000450303.jpg,indoor,blazepose,low,12.5,8,17,70.2
463730,000000463730.jpg,outdoor,movenet,medium,100.0,16,17,18.7
330818,000000330818.jpg,indoor,movenet,high,90.0,10,13,18.5
198489,000000198489.jpg,outdoor,blazepose,high,100.0,15,17,70.8
274708,000000274708.jpg,outdoor,blazepose,high,0.0,12,0,9.5
479126,000000479126.jpg,indoor,blazepose,medium,100.0,15,17,70.2
361238,000000361238.jpg,indoor,blazepose,low,100.0,8,17,70.6
445722,000000445722.jpg,outdoor,blazepose,medium,0.0,2,0,9.5
361238,000000361238.jpg,indoor,blazepose,medium,100.0,8,17,70.2
192607,000000192607.jpg,outdoor,movenet,low,100.0,16,17,18.7
311303,000000311303.jpg,indoor,blazepose,high,0.0,1,0,9.3
481567,000000481567.jpg,outdoor,blazepose,medium,100.0,10,17,70.0
448365,000000448365.jpg,outdoor,blazepose,high,100.0,16,17,70.6
2261,000000002261.jpg,outdoor,movenet,medium,83.33,6,13,18.8
550349,000000550349.jpg,outdoor,blazepose,high,71.43,14,17,70.3
289222,000000289222.jpg,outdoor,movenet,high,0.0,5,10,18.7
258388,000000258388.jpg,outdoor,blazepose,high,0.0,15,17,70.4
568814,000000568814.jpg,indoor,blazepose,low,100.0,7,17,69.9
196141,000000196141.jpg,outdoor,movenet,medium,0.0,17,17,18.3
404805,000000404805.jpg,outdoor,blazepose,medium,100.0,9,17,70.0
378673,000000378673.jpg,outdoor,movenet,high,100.0,12,17,18.8
164885,000000164885.jpg,outdoor,blazepose,high,100.0,16,17,70.2
30504,000000030504.jpg,outdoor,movenet,medium,100.0,12,16,18.8
348881,000000348881.jpg,outdoor,blazepose,high,0.0,13,0,9.2
516173,000000516173.jpg,outdoor,blazepose,low,100.0,13,17,70.2
231580,000000231580.jpg,indoor,blazepose,medium,100.0,14,17,70.2
376322,000000376322.jpg,indoor,blazepose,medium,0.0,7,0,9.3
173302,000000173302.jpg,indoor,movenet,high,71.43,7,13,18.8
213033,000000213033.jpg,outdoor,movenet,low,100.0,13,15,18.3
82812,000000082812.jpg,outdoor,blazepose,high,0.0,14,0,70.1
448365,000000448365.jpg,outdoor,blazepose,low,100.0,16,17,70.5
189752,000000189752.jpg,indoor,blazepose,high,0.0,6,0,9.4
419408,000000419408.jpg,outdoor,blazepose,high,100.0,15,17,70.4
537506,000000537506.jpg,outdoor,blazepose,medium,0.0,10,0,9.2
110042,000000110042.jpg,indoor,blazepose,low,70.0,10,17,70.1
356387,000000356387.jpg,outdoor,blazepose,low,0.0,9,0,9.4
274066,000000274066.jpg,outdoor,blazepose,medium,8.33,12,17,70.2
398377,000000398377.jpg,indoor,movenet,low,20.0,15,15,18.9
286422,000000286422.jpg,outdoor,movenet,low,92.31,13,16,18.3
66231,000000066231.jpg,indoor,movenet,medium,92.86,14,15,18.5
343218,000000343218.jpg,outdoor,blazepose,high,100.0,15,17,70.3
280930,000000280930.jpg,indoor,movenet,medium,100.0,12,15,18.5
571857,000000571857.jpg,outdoor,blazepose,low,0.0,17,0,9.4
404805,000000404805.jpg,outdoor,movenet,medium,88.89,9,11,18.4
254516,000000254516.jpg,outdoor,blazepose,low,0.0,13,0,9.4
552775,000000552775.jpg,indoor,movenet,high,100.0,3,5,18.5
233727,000000233727.jpg,outdoor,movenet,medium,93.75,16,16,18.2
493864,000000493864.jpg,outdoor,movenet,medium,100.0,15,17,18.0
439994,000000439994.jpg,outdoor,blazepose,high,100.0,14,17,70.2
426836,000000426836.jpg,outdoor,movenet,medium,100.0,12,17,18.6
121242,000000121242.jpg,outdoor,blazepose,high,0.0,15,0,9.4
309655,000000309655.jpg,outdoor,movenet,medium,100.0,13,17,18.4
234607,000000234607.jpg,indoor,blazepose,low,100.0,16,17,70.4
122672,000000122672.jpg,outdoor,blazepose,medium,81.82,11,17,70.2
459954,000000459954.jpg,indoor,blazepose,high,100.0,6,17,70.4
91500,000000091500.jpg,indoor,blazepose,medium,100.0,15,17,71.0
497344,000000497344.jpg,indoor,blazepose,high,100.0,7,17,70.4
450303,000000450303.jpg,indoor,blazepose,high,12.5,8,17,70.3
343218,000000343218.jpg,outdoor,movenet,high,100.0,15,16,18.7
156292,000000156292.jpg,indoor,movenet,medium,93.75,16,16,18.2
240250,000000240250.jpg,indoor,blazepose,low,100.0,11,17,70.4
144003,000000144003.jpg,indoor,blazepose,medium,100.0,12,17,70.1
275058,000000275058.jpg,outdoor,movenet,medium,91.67,12,14,18.5
455624,000000455624.jpg,outdoor,blazepose,medium,0.0,12,0,9.3
524456,000000524456.jpg,indoor,movenet,medium,33.33,3,2,18.7
256775,000000256775.jpg,outdoor,blazepose,high,0.0,16,0,9.4
291634,000000291634.jpg,outdoor,blazepose,high,0.0,15,0,9.4
16598,000000016598.jpg,indoor,blazepose,high,100.0,10,17,70.4
574315,000000574315.jpg,indoor,movenet,medium,50.0,2,1,18.5
546219,000000546219.jpg,indoor,blazepose,low,0.0,9,17,71.2
344029,000000344029.jpg,outdoor,movenet,low,0.0,7,12,18.9
389684,000000389684.jpg,outdoor,blazepose,medium,0.0,14,0,9.3
482585,000000482585.jpg,outdoor,blazepose,low,0.0,11,0,9.2
142620,000000142620.jpg,indoor,movenet,low,92.31,13,13,18.5
439994,000000439994.jpg,outdoor,movenet,low,92.86,14,15,18.5
381360,000000381360.jpg,outdoor,movenet,medium,92.86,14,16,19.2
164602,000000164602.jpg,indoor,movenet,high,100.0,12,13,18.5
425702,000000425702.jpg,outdoor,blazepose,high,0.0,11,0,70.3
331604,000000331604.jpg,outdoor,movenet,high,84.62,13,15,18.5
260470,000000260470.jpg,outdoor,movenet,low,88.89,9,16,18.4
471893,000000471893.jpg,indoor,blazepose,low,100.0,14,17,70.3
325483,000000325483.jpg,indoor,blazepose,medium,100.0,14,17,70.5
327605,000000327605.jpg,outdoor,blazepose,medium,100.0,16,17,70.3
135604,000000135604.jpg,outdoor,blazepose,high,100.0,15,17,70.3
334399,000000334399.jpg,indoor,blazepose,medium,18.75,16,17,70.2
275058,000000275058.jpg,outdoor,blazepose,medium,100.0,12,17,70.2
51314,000000051314.jpg,outdoor,movenet,medium,100.0,14,15,18.6
260470,000000260470.jpg,outdoor,blazepose,high,0.0,9,0,9.2
387916,000000387916.jpg,outdoor,blazepose,low,0.0,12,0,9.3
467176,000000467176.jpg,indoor,movenet,medium,0.0,10,10,18.8
231580,000000231580.jpg,indoor,movenet,medium,85.71,14,14,18.4
301135,000000301135.jpg,outdoor,movenet,medium,6.67,15,17,18.6
116439,000000116439.jpg,outdoor,movenet,low,90.0,10,11,18.4
455597,000000455597.jpg,indoor,movenet,low,0.0,5,7,18.1
484351,000000484351.jpg,indoor,blazepose,high,0.0,15,0,9.5
159399,000000159399.jpg,outdoor,blazepose,high,54.55,11,17,70.2
180487,000000180487.jpg,indoor,movenet,low,100.0,10,13,18.8
53626,000000053626.jpg,outdoor,movenet,medium,76.47,17,13,18.1
550349,000000550349.jpg,outdoor,blazepose,low,71.43,14,17,70.5
554595,000000554595.jpg,outdoor,movenet,medium,69.23,13,10,18.4
258388,000000258388.jpg,outdoor,movenet,high,0.0,15,15,18.3
282298,000000282298.jpg,indoor,blazepose,low,0.0,15,0,9.2
15597,000000015597.jpg,outdoor,movenet,medium,80.0,15,14,18.6
213035,000000213035.jpg,indoor,blazepose,high,0.0,2,17,70.1
512985,000000512985.jpg,outdoor,blazepose,high,100.0,14,17,70.4
82085,000000082085.jpg,outdoor,blazepose,low,0.0,15,0,9.4
497599,000000497599.jpg,indoor,movenet,medium,100.0,9,12,18.8
493864,000000493864.jpg,outdoor,blazepose,low,100.0,15,17,70.4
273232,000000273232.jpg,outdoor,movenet,medium,100.0,14,17,18.5
282298,000000282298.jpg,indoor,movenet,medium,0.0,15,12,18.3
345385,000000345385.jpg,indoor,blazepose,low,100.0,8,17,70.7
151000,000000151000.jpg,indoor,movenet,medium,0.0,15,15,18.8
291791,000000291791.jpg,outdoor,movenet,medium,100.0,7,8,18.0
341828,000000341828.jpg,indoor,movenet,high,85.71,7,9,18.4
511599,000000511599.jpg,outdoor,blazepose,high,0.0,13,0,70.4
52996,000000052996.jpg,indoor,movenet,low,66.67,15,12,18.6
68628,000000068628.jpg,outdoor,movenet,low,100.0,14,17,18.4
250901,000000250901.jpg,indoor,movenet,medium,25.0,4,3,18.1
369442,000000369442.jpg,outdoor,blazepose,low,0.0,16,17,70.4
426268,000000426268.jpg,outdoor,movenet,medium,100.0,9,15,18.8
184978,000000184978.jpg,outdoor,blazepose,medium,100.0,16,17,70.4
318138,000000318138.jpg,indoor,blazepose,high,9.09,11,17,70.4
273232,000000273232.jpg,outdoor,movenet,high,100.0,14,17,18.8
30504,000000030504.jpg,outdoor,blazepose,low,100.0,12,17,70.5
9772,000000009772.jpg,indoor,movenet,low,100.0,13,17,18.8
333745,000000333745.jpg,outdoor,movenet,medium,100.0,16,17,18.4
118921,000000118921.jpg,outdoor,blazepose,low,100.0,17,17,70.1
535306,000000535306.jpg,outdoor,blazepose,high,66.67,3,17,70.3
23359,000000023359.jpg,outdoor,movenet,medium,94.12,17,16,18.5
128699,000000128699.jpg,outdoor,movenet,high,100.0,12,16,18.4
495732,000000495732.jpg,indoor,blazepose,high,81.25,16,17,70.3
182611,000000182611.jpg,indoor,movenet,medium,81.82,11,11,18.5
515077,000000515077.jpg,indoor,movenet,low,0.0,4,10,18.1
376093,000000376093.jpg,indoor,blazepose,low,0.0,13,17,70.3
68628,000000068628.jpg,outdoor,blazepose,low,100.0,14,17,70.3
227491,000000227491.jpg,outdoor,movenet,medium,100.0,17,17,18.5
473869,000000473869.jpg,indoor,movenet,medium,91.67,12,12,18.2
9772,000000009772.jpg,indoor,movenet,medium,100.0,13,17,18.4
154644,000000154644.jpg,indoor,blazepose,low,100.0,9,17,70.4
213033,000000213033.jpg,outdoor,blazepose,medium,100.0,13,17,70.5
119365,000000119365.jpg,indoor,blazepose,low,80.0,5,17,70.3
15956,000000015956.jpg,indoor,movenet,medium,100.0,13,16,18.5
459954,000000459954.jpg,indoor,movenet,medium,50.0,6,7,18.3
437205,000000437205.jpg,indoor,movenet,medium,88.89,9,9,18.4
451155,000000451155.jpg,indoor,blazepose,medium,0.0,7,0,9.5
311180,000000311180.jpg,indoor,blazepose,low,0.0,1,0,10.6
117425,000000117425.jpg,indoor,blazepose,high,100.0,11,17,70.5
297084,000000297084.jpg,indoor,blazepose,high,100.0,8,17,70.5
378284,000000378284.jpg,indoor,movenet,low,75.0,4,3,18.8
256192,000000256192.jpg,outdoor,blazepose,high,0.0,13,0,9.4
414385,000000414385.jpg,outdoor,movenet,low,100.0,16,17,18.8
511599,000000511599.jpg,outdoor,blazepose,low,0.0,13,0,9.4
289222,000000289222.jpg,outdoor,blazepose,medium,100.0,5,17,70.3
396200,000000396200.jpg,outdoor,movenet,low,0.0,16,17,18.4
581317,000000581317.jpg,indoor,movenet,medium,100.0,11,12,17.9
221291,000000221291.jpg,outdoor,movenet,high,100.0,12,13,18.4
256775,000000256775.jpg,outdoor,blazepose,medium,0.0,16,17,70.2
317999,000000317999.jpg,indoor,movenet,low,100.0,5,12,18.8
326970,000000326970.jpg,indoor,movenet,high,100.0,15,16,18.1
6460,000000006460.jpg,outdoor,movenet,low,92.86,14,16,18.6
574315,000000574315.jpg,indoor,movenet,high,50.0,2,1,18.9
348881,000000348881.jpg,outdoor,movenet,high,100.0,13,17,18.2
255483,000000255483.jpg,indoor,movenet,low,0.0,3,1,18.2
23359,000000023359.jpg,outdoor,blazepose,low,100.0,17,17,70.0
432553,000000432553.jpg,outdoor,blazepose,high,100.0,3,17,70.6
466125,000000466125.jpg,indoor,blazepose,low,100.0,13,17,70.7
251824,000000251824.jpg,indoor,blazepose,medium,100.0,2,17,70.2
84270,000000084270.jpg,indoor,movenet,high,76.92,13,11,18.8
110042,000000110042.jpg,indoor,blazepose,high,0.0,10,0,9.2
508101,000000508101.jpg,outdoor,blazepose,low,0.0,13,0,9.2
156292,000000156292.jpg,indoor,movenet,high,93.75,16,16,18.9
397354,000000397354.jpg,indoor,blazepose,low,100.0,11,17,70.5
286422,000000286422.jpg,outdoor,blazepose,high,0.0,13,0,9.2
455301,000000455301.jpg,indoor,movenet,low,100.0,10,11,18.8
9772,000000009772.jpg,indoor,blazepose,high,0.0,13,0,9.3
41990,000000041990.jpg,outdoor,blazepose,low,0.0,17,17,70.4
150417,000000150417.jpg,indoor,movenet,medium,100.0,11,13,18.5
484351,000000484351.jpg,indoor,movenet,low,0.0,15,11,18.4
402615,000000402615.jpg,outdoor,movenet,low,100.0,13,17,18.1
332570,000000332570.jpg,indoor,blazepose,low,0.0,1,0,9.3
425702,000000425702.jpg,outdoor,movenet,medium,63.64,11,17,18.3
255483,000000255483.jpg,indoor,blazepose,medium,0.0,3,0,9.4
500257,000000500257.jpg,indoor,blazepose,low,0.0,13,17,70.2
214720,000000214720.jpg,indoor,blazepose,high,100.0,11,17,70.4
261318,000000261318.jpg,indoor,blazepose,medium,100.0,13,17,70.3
7088,000000007088.jpg,outdoor,blazepose,low,100.0,17,17,70.1
122962,000000122962.jpg,indoor,blazepose,low,0.0,16,0,9.4
150417,000000150417.jpg,indoor,movenet,high,100.0,11,13,18.5
500270,000000500270.jpg,outdoor,movenet,high,58.33,12,10,18.5
355257,000000355257.jpg,indoor,movenet,high,80.0,10,12,18.4
147729,000000147729.jpg,indoor,movenet,low,60.0,5,4,18.8
282298,000000282298.jpg,indoor,blazepose,high,0.0,15,0,9.3
376322,000000376322.jpg,indoor,blazepose,high,0.0,7,0,9.3
119365,000000119365.jpg,indoor,movenet,high,20.0,5,3,18.6
284764,000000284764.jpg,indoor,blazepose,low,100.0,8,17,70.4
466125,000000466125.jpg,indoor,blazepose,high,100.0,13,17,70.6
563882,000000563882.jpg,indoor,movenet,low,20.0,5,3,18.5
243867,000000243867.jpg,outdoor,movenet,medium,0.0,4,0,18.5
515077,000000515077.jpg,indoor,blazepose,medium,0.0,4,0,9.2
255483,000000255483.jpg,indoor,movenet,medium,0.0,3,2,18.5
432085,000000432085.jpg,indoor,movenet,high,80.0,5,6,18.7
121242,000000121242.jpg,outdoor,movenet,medium,100.0,15,17,18.5
39785,000000039785.jpg,outdoor,blazepose,high,100.0,16,17,70.3
2261,000000002261.jpg,outdoor,movenet,low,83.33,6,14,18.6
432553,000000432553.jpg,outdoor,movenet,low,66.67,3,3,18.3
80932,000000080932.jpg,indoor,movenet,high,18.18,11,12,18.6
387916,000000387916.jpg,outdoor,blazepose,high,0.0,12,0,9.3
240250,000000240250.jpg,indoor,movenet,high,100.0,11,13,19.0
51314,000000051314.jpg,outdoor,blazepose,low,100.0,14,17,70.8
568584,000000568584.jpg,indoor,blazepose,high,100.0,12,17,70.3
122672,000000122672.jpg,outdoor,blazepose,high,90.91,11,17,70.3
529148,000000529148.jpg,indoor,movenet,low,18.18,11,4,18.4
419408,000000419408.jpg,outdoor,movenet,medium,0.0,15,14,18.4
448076,000000448076.jpg,indoor,blazepose,medium,100.0,16,17,70.2
411754,000000411754.jpg,indoor,blazepose,low,0.0,12,17,70.5
140987,000000140987.jpg,indoor,movenet,medium,100.0,6,9,18.6
82715,000000082715.jpg,outdoor,blazepose,medium,0.0,16,0,70.1
240250,000000240250.jpg,indoor,movenet,medium,100.0,11,13,18.7
287347,000000287347.jpg,indoor,blazepose,medium,100.0,11,17,70.5
470779,000000470779.jpg,outdoor,blazepose,medium,0.0,16,0,9.2
537506,000000537506.jpg,outdoor,movenet,low,100.0,10,16,18.7
332570,000000332570.jpg,indoor,blazepose,high,0.0,1,0,9.3
563882,000000563882.jpg,indoor,movenet,high,40.0,5,3,18.8
451155,000000451155.jpg,indoor,blazepose,low,0.0,7,0,9.3
122672,000000122672.jpg,outdoor,blazepose,low,81.82,11,17,70.1
122962,000000122962.jpg,indoor,movenet,medium,56.25,16,11,18.8
467176,000000467176.jpg,indoor,movenet,low,0.0,10,11,19.7
164602,000000164602.jpg,indoor,movenet,medium,100.0,12,13,18.8
581062,000000581062.jpg,outdoor,movenet,medium,100.0,14,17,18.3
425221,000000425221.jpg,outdoor,movenet,medium,87.5,8,12,18.4
234607,000000234607.jpg,indoor,movenet,high,62.5,16,16,18.2
302452,000000302452.jpg,indoor,blazepose,high,0.0,8,0,70.5
369442,000000369442.jpg,outdoor,blazepose,medium,0.0,16,0,9.3
329219,000000329219.jpg,indoor,movenet,medium,91.67,12,16,18.4
331604,000000331604.jpg,outdoor,movenet,low,84.62,13,15,18.4
61747,000000061747.jpg,outdoor,movenet,low,100.0,15,17,18.2
301135,000000301135.jpg,outdoor,blazepose,high,60.0,15,17,70.3
15956,000000015956.jpg,indoor,movenet,high,100.0,13,16,19.0
466125,000000466125.jpg,indoor,movenet,low,100.0,13,13,18.3
193926,000000193926.jpg,outdoor,blazepose,medium,0.0,2,17,70.3
273232,000000273232.jpg,outdoor,movenet,low,100.0,14,17,18.5
471893,000000471893.jpg,indoor,movenet,low,100.0,14,15,18.6
259640,000000259640.jpg,outdoor,movenet,medium,0.0,12,11,18.4
568584,000000568584.jpg,indoor,movenet,medium,8.33,12,11,18.3
574315,000000574315.jpg,indoor,blazepose,low,0.0,2,0,9.5
234607,000000234607.jpg,indoor,blazepose,medium,100.0,16,17,70.6
311180,000000311180.jpg,indoor,movenet,high,0.0,1,2,18.7
381971,000000381971.jpg,outdoor,movenet,low,0.0,8,17,18.2
297084,000000297084.jpg,indoor,movenet,high,100.0,8,12,18.9
209530,000000209530.jpg,indoor,blazepose,low,100.0,10,17,70.4
13729,000000013729.jpg,indoor,movenet,medium,100.0,16,16,18.6
497599,000000497599.jpg,indoor,blazepose,high,0.0,9,0,9.4
488592,000000488592.jpg,outdoor,blazepose,low,0.0,9,0,9.2
222118,000000222118.jpg,indoor,blazepose,high,100.0,12,17,70.2
376093,000000376093.jpg,indoor,movenet,medium,61.54,13,13,18.5
327605,000000327605.jpg,outdoor,movenet,medium,100.0,16,17,18.3
209530,000000209530.jpg,indoor,movenet,low,80.0,10,10,18.4
313034,000000313034.jpg,indoor,blazepose,high,100.0,7,17,70.6
416451,000000416451.jpg,indoor,blazepose,high,100.0,12,17,70.7
369442,000000369442.jpg,outdoor,movenet,medium,0.0,16,17,18.5
445834,000000445834.jpg,outdoor,movenet,high,92.86,14,15,18.7
454067,000000454067.jpg,indoor,blazepose,low,100.0,9,17,70.5
336209,000000336209.jpg,outdoor,movenet,high,92.86,14,16,18.6
405195,000000405195.jpg,indoor,movenet,low,33.33,3,1,18.4
364126,000000364126.jpg,outdoor,blazepose,high,100.0,15,17,70.3
83540,000000083540.jpg,outdoor,blazepose,low,0.0,16,0,9.5
491090,000000491090.jpg,outdoor,movenet,medium,100.0,14,15,18.5
568584,000000568584.jpg,indoor,movenet,low,0.0,12,4,18.2
117425,000000117425.jpg,indoor,movenet,high,100.0,11,13,18.6
524456,000000524456.jpg,indoor,blazepose,low,0.0,3,0,9.2
7088,000000007088.jpg,outdoor,blazepose,medium,100.0,17,17,70.5
6771,000000006771.jpg,indoor,blazepose,medium,100.0,11,17,70.5
403584,000000403584.jpg,outdoor,movenet,low,80.0,10,14,18.5
398237,000000398237.jpg,outdoor,blazepose,high,100.0,15,17,70.2
344029,000000344029.jpg,outdoor,blazepose,medium,0.0,7,17,70.4
489611,000000489611.jpg,indoor,movenet,high,80.0,10,8,18.7
447611,000000447611.jpg,indoor,movenet,high,0.0,1,0,18.4
476258,000000476258.jpg,outdoor,blazepose,high,100.0,16,17,70.2
